Timestamp,جهة التدريب :,مدة التدريب ,هل عرضوا عليك (وظيفة، Part time ، إلخ ..),تكلم عن تجربتك مثلًا ( مسماك الوظيفي، القسم اللي تدربت فيه، التيم اللي معاك، خبرتهم، المشاريع اللي اشتغلت عليها إلخ ..),في حال كان هناك مكافئة/ راتب الرجاء ذكر المبلغ أو اكتب (لا يوجد),من ستنصح بالتدريب لدى الجهة المذكورة أعلاه؟,ملاحظات : ,هل البيئة مختلطه؟,وسيلة تواصل معك (اختياري وسيظهر بالشيت),
لإضافة تجربتك فضلا من خلال الرابط : https://forms.gle/xQWNck3PX8NgcgVJ8,,,,,,,,,,
لطلب تعديل على تجربتك، قد لا يتم التعديل فورًا : https://forms.gle/7J6trMzuLKYPmgSs7,,,,,,,,,,
25/09/2019 11:04:09,Kacst,شهرين,لا,كتبت تجربتي في علم وكاكست هنا: https://caramellaapp.com/raghad/amkYhUcr8/mabad-alsnh-alauwla,لا يوجد,من سيتدرب بعد مستوى سادس,شكر الله لكم هذا الجهد، يارب يكون مصدر مفيد للطلاب والطالبات ,,,"

بالنسبة لطرق التواصل فهي كثيرة جدًا ولم نذكرها 

لان البحث عن جهه هو يعتبر تدريب على البحث عن فرص وظيفية 

وجزء مهم من تدريبكم إنكم تصلون للشركة بالطريقة الصحيحة لكن بنذكر طرق تساعد في ذلك 



حساب احد الاتش ار بليكند ان 
ايميل الشركة، خاصة ايميل التدريب 
رابط تقديم اما يفتح لفترة معينه، او يكون دائم والتقديم الرسمي من خلاله 
رقم الشركة 
معرفة موظف في الشركة


"" رسالة للخريجين، أو المقبلين على عام التخرج!

 استمتعوا بكل الشهور والأيام بالتدريب فهو عالم نكتشف فيه أنفسنا وقدراتنا ونكتسب مهارات ومعارف جديدة! ❤️ 

لا تتذمرون مهما كلفتوا بما يتعبكم! فما أقل تعب الصابرين، وأعظم عناء الجازعين 



وتذكروا ان بيوم بتحنون لهذه الأيام وكل ما فيها من حلو وغيره! 



نتمنى لكم كل التوفيق والسداد 🌿""







في حال كنت متدرب سابق ارفق بالرابط أدناه تفاصيل تجربتك لمساعدة طلاب وطالبات كلية الحاسب المقبلين على التدريب  ❤️

https://forms.gle/xQWNck3PX8NgcgVJ8"
25/09/2019 11:05:07,وزارة الشؤون البلدية والقروية ,شهرين,لا,التدريب كان تعاقد من شركة تقنية، خطة التدريب ما اتبعوه، لان تدريبهم يكون لوظائفهم مو عن تدريب الجامعة نفسها. ,لا يوجد ,من سيتدرب بعد مستوى ثامن,,,,
25/09/2019 11:17:34,معهد رياده الاعمال ,شهرين,لا,تدربت مع الابتكار الناس مثلا عندهم فكره برنامج واحنا نسويها وانجزنا iOS application انصح بالتدريب فيها لاني تعلمت اشياء فيها كان ممكن ما اتعلمها ابدا ,لا يوجد,كلاهما,,لا,,
25/09/2019 12:56:10,مدينة الملك عبدالعزيز للعلوم والتقنية,شهرين,لا,Machine learning - Data Analysis- Dashboards design ,لا يوجد,من سيتدرب بعد مستوى سادس,,لا,,
25/09/2019 13:24:11,شركة علم,شهرين,لا,التدريب كان اشبه بكورس اندرويد من قبل مدربة خارجيه (ليست من موظفين علم) ،لا يوجد عمل خاص لعلم ولم يكن هنالك احتكاك او تواصل مع موظفين علم ،رح تطلعين وانت فاهم الاندرويد وتقدرين تطورين تطبيق لحالك بس لا يوجد خبر من بيئة العمل,1000,من سيتدرب بعد مستوى سادس,غرفة المكتب للمتدربات فقط ولكن موجوده في قسم الرجال ،لعدم وجود مكان في قسم النساء يكفي عدد المتدربات,نعم,,
25/09/2019 13:33:57,هيئة تقويم التعليم والتدريب,شهرين,لا,مبرمجه، التيم الي معي البنات كانو توهم خبرتهم سنه تقريبا اما تيم الرجال خبرتهم عاليه فوق ال١٦ سنه في هالمجال . تدربت في قسم تقنيه المعلومات كان التيم متعاون وتعلمنا من بعض كثير,لايوجد,كلاهما,,نعم,,
25/09/2019 14:07:02,لين لخدمات الأعمال,اكثر,نعم,"‫كان تدريبي تدريب تعاوني كمطور تطبيقات، تدربت بـ technology team ،‬ ‫ التيم اللي معاي بعضهم متدربين من نفس التخصص وأغلبهم موظفين، ‬ ‫بداية تدريبي كان كله بال infrastructure and Unix command (وجدًا تغير تفكيري بعده كان مشاريع بسيطه زي المهمات يبون انجزها بس ما كانت لها دخل بمشاريعهم هم كان مجهزين هذه المهام لي) ‬ ‫اغلب تدريبي كان بال development team ‬ ‫على تقنيات أنا اخترتها ( React.js, React Native, Android studio ) تعلمتها كل وحده لحالها وكان في مشاريع صغيره عليها كلها بغرض التعلم ‬ ‫ثم سويت معاهم مشروعين عليها كلها تقريبًا (المشروع الأول كان request change على android app تعديلات عليه وأرفعه على google play)، ‬ ‫المشروع الثاني كان مشروع جديد كان مطلوب من قسم اخر بالشركة واشتغلت عليه أنا واثنين ‬  ‫وتقريبًا خلصت اغلبه قبل نهاية التدريب لكن ما لحقنا عال testing والتعديلات والdeployment ‬   ‫من الأشياء اللي حبيتها بالفريق خلوني التزم ب GitHub (كان يذكروني ارفع كل شوي عشان ما تضيع علي التعديلات وكل شوي اسحب) ورفعت اغلب مشاريعي الشخصية عليه لأني أكتشفت أهمية ال GitHub والأهم من ذلك صار صديقي ولا صرت أخاف من الـ commands حقته. ‬  ‫أيضًا أهمية ال command line وليش نستخدمها بدال GUI هذا أكثر انصدمت فيه وكيف أختصر مهام كثيرة علي كنت احسبها سهله بال GUI وأيضًا صرت صديقة ال terminal وما صرت أخاف منه زي أول 😋😂 ‬ ‫وهذا تقريبًا باختصار مجمل شغلي مع ال development team. ‬  ‫بنص التدريب أخذت أسبوع ونص تقريبًا مع ال quality team واشتغلت فيه على مشروع وسوينا تقرير على بعض ال bugs وال design errors .‬ ‫شوي تغيرت نظرت عن شغل ال quality team لان كنت احس المجال ممل (ولعلي نوعًا ما كنت صادقه) في بعض الأشياء ممله لو فكرت ان هذا شغلي على مدى طويل وبعضها مره ممتع وشيّق ويشغل التفكير عندك وما أحس راح أمل منه! ‬  ‫أيضًا أتيح لي الفرصة ان أقرا ال BRD وأتعامل مع customers وفرصة إني أخذ الخبرة من الموظفين بنفس المجال اللي ابيه أو حتى مجال أفكر فيه زي الsystem analysis أو ال business analysis هذه الأشياء بحد ذاتها كانت كافية إني أقول تدريب كان رائع. ‬   ‫كانت تجربة تستحق الذكر صراحة وهناك تفاصيل جانبية كثيره تجعل منها تجربة فوق الرائعة صراحة لكن هذا اللي عندي بأختصار وموفقين!‬",3000,كلاهما,في مكان خاص بالنساء وفي بعض مكاتب البنات تكون داخل وبعضها لا لكن بالنهاية تحتاجين تطلعين لان بالشركة كلهم يشتغلون على نفس المشاريع مو منفصله، اسالوا واطلبوا شغل بعد استفيدوا من البيئه وخبراتهم رائعين جدا، ايضا عرض البارت تايم او الوظيفه يعتمد عليك وعلى اثباتك لنفسك,نعم,,
25/09/2019 14:11:02,ITCl,شهرين,لا,المشاريع كانت من افكارنا وسويناها من انفسنا ،ما اشتغلنا ابدا مع الشركه ولا احتكينا فيهم بس عرضوا لنا باقي التخصصات كميتنق ,لايوجد,لا أحد,لا انصح فيها ابدا للاسف كانت عباره عن سيلف ليرننق ومن انفسنا عشان نفيد انفسنا فقط,نعم,,
25/09/2019 14:12:11,مستشفى الملك عبدالعزيز الجامعي ,شهرين,لا,"tester ,programmer.we reprogram system ",لا يوجد ,لا أحد,لا انصح بالجهه لان لا يوجد مشرف والعمل عشوائي ,نعم,,
25/09/2019 17:24:55,تحكم,٣ اشهر,لا,"Front-End Intern
كان شغلي مع Front-End Developers ومن احد المشاريع اللي اشتغلت عليها كان مشروع جانبي سويته بنفسي عشان اتدرب على Angular بحكم ان الشركة كان شغلهم على Angular 
وأيضاً كان مطلوب مني اني اضيف feature لاحد المشاريع تبع الشركة وكانت فكرة الfeature هي اني اغيّر الlayout تبع الموقع في حالة ان اللغة كانت عربي وبرضو كان شغلي اني اترجم الصفحات",2000 ريال شهرياً,كلاهما,,نعم,,
25/09/2019 17:26:54,شركة تمكين ,شهرين,لا,font-end developer,1800,من سيتدرب بعد مستوى سادس,الأختلاط في الإجتماعات فقط اثناء العمل الرجال والنساء  مفصولين,نعم,,
25/09/2019 18:33:45,ES Consulting,شهرين,نعم,كنت اقوم بدور شبيه بدور مساعد المستشار في القسم الخاص بإدارة اجراءات العمل BPM. كان فيه متدرب معي و المستشار اللي يشرف علينا و يوكل لنا المهمات. الأشياء اللي اشتغلت عليها شخصياً بسيطة. كانت عبارة عن مشروعين بسيطين فقط. ,لايوجد، و لكن سمعت انهم يعطون لبعض الأشخاص. ,من سيتدرب بعد مستوى ثامن,حالتي نوعاً ما مختلفة. كان المفروض انشب في المدرب من اول يوم باتصالات و رسائل بسبب انهم منضغطين لكثرة المشاريع. فممكن يواعدك في يوم معين و ينساك تماماً بسبب انشغاله. نصيحتي تدرب عندهم اذا صرت خريج لانهم يعرضون عليك وظيفه. بالنسبة لي ما توظفت معهم بسبب انه باقي لي ترم. ,نعم,,
25/09/2019 20:34:05,شركة تمكين ,شهرين,لا,font-end developer,1800,من سيتدرب بعد مستوى سادس,الأختلاط في الإجتماعات فقط اثناء العمل الرجال والنساء  مفصولين,نعم,,
25/09/2019 22:44:44,مركز الدكتور عاصم عرب,شهرين,لا,باحثه ,لا يوجد,لا أحد,لا انصح فيه ابداً ,نعم,,
27/09/2019 12:42:00,علم,شهرين,لا,اندرويد ديفلوبر,1000,من سيتدرب بعد مستوى سادس,البيئة مختلطة ولكن يوجد قسم نسائي واغلب الوقت مع نساء كذلك.,نعم,,
27/09/2019 12:51:21,Fix tag,شهرين,نعم,اشتغلت على تصميم واجهات و تجربة المستخدم و تحليل نظم لموقع طاقات، و اشتغلت على اختبار الجودة (quality assurance) لنظم تخطيط موارد مؤسسات (كانوا نظامين واحد لهيئة الملكية الفكرية و الثاني للجنة تطوير البيئة النظيفة),2000 للشهر ,من سيتدرب بعد مستوى ثامن,,نعم,,
27/09/2019 13:12:50,ثقة لخدمات الاعمال,شهرين,لا,"Project manager, delivery department, it was a perfect and cooperating  team . ",3000,من سيتدرب بعد مستوى ثامن,,نعم,,
27/09/2019 13:33:47,وزارة الحرس الوطني,شهرين,لا,اشتغلت ويب ديفلوبر في المجالين الويبسايتز والابلكيشن بفريمورك الasp.net والموبايل ionic ,لا يوجد,كلاهما,,لا,,
27/09/2019 13:50:32,شركة ثقة لخدمات الأعمال ,شهرين,نعم,"Business development, we used to work on business cases, feasibility studies, benchmarks. It was more business than IT.",3000,كلاهما,"You don’t have to work on the same department you trained at, it takes time to apply and for them to process your application and interview you and come up with a training plan so don’t stress, everyone will do the training :)",نعم,,
27/09/2019 13:57:23,Elm,شهرين,لا,مبرمج أندرويد ,1000/شهر,كلاهما,,لا,,
27/09/2019 14:37:26,شركة علم لأمن المعلومات ,شهرين,لا,"القسم : علم سوفت 
المسمى الوظيفي :android  mobile application developer 
المدرب : الاء اغا كرس ( CTO في شركة Superior ICT) من خارج الشركة 
المشاريع : Elm survey system  
مشروع من اختيارنا : ديمو فقط ",1000 لكل شهر ,من سيتدرب بعد مستوى سادس,البيئة مختلطه في الممرات و قاعات الاجتماعات لكن المتدربات في مكتب خاص مع مدربات ,نعم,,
27/09/2019 14:50:37,شركة ثقه ,شهرين,نعم,"part of the information security department / Information security governance 

I worked on the organizatio’s policies, awareness sessions and everything that included in the governance",3000 SR ,من سيتدرب بعد مستوى سادس,,نعم,,
27/09/2019 14:54:05,مستشفى الملك عبدالعزيز الجامعي,شهرين,لا,مبرمج، اشتغلنا على جزء من برنامج المستشفى esihi,لا يوجد,لا أحد,الجهة لأسباب مجهولة ما كانت مهتمة بالمتدربين وتوجيههم فالتعليم كان ذاتي بدون أي توجيه ولا نصح,نعم,,
27/09/2019 14:56:23,ادارة تقنية المعلومات في وزارة العمل والتنمية الاجتماعية,شهرين,لا,لايوجد مسمى وظيفي، طبيعة التدريب كانت مهام اسبوعية متفرقة بسيطة جدا مهام تتعلق في فريق الجودة، التطوير، الدعم الفني، الموارد البشرية، المهام كانت بعيدة عن عمل الوزارة، الصراحة ما استفدت منهم ومن الموظفات شيء يذكر +لايوجد مكان مجهز للمتدربات ,لايوجد,لا أحد,,لا,,
27/09/2019 15:04:13,Dell EMC,شهرين,لا,كان بقسم support .. اغلب التدريب كان عبارة عن sessions يعلمونا اكثر من اننا نطبق عرضوا علينا Demo لشغلهم كيف يصير ، شرحوا لنا عن المسميات الوظيفية ايش يشتغلون ، شرحوا عن الستورجز والسيرفيرز ، عطونا كورس اسمه ISM بس الشهاده على الكورس احنا ناخذها بأنفسنا اذا اجتزنا الاختبار ، كان فيه كثير موظفين صغار لان عندهم برنامج توظيف لحديثين التخرج ، الموظفين جدا متعاونين اذا كان عندك استفسار عن اي شي يساعدونك ، علمونا كيف نخلي السيره الذاتيه كويسه وشافوا السير الذاتية حقتنا وعطونا نصايح وعلمونا كيف نجاوب على اسئلة المقابلة الوظيفية ،هدفهم كان انهم ينمون السوفت سكيلز فسوينا تقريبا ٣ برزنتيشنز ، سوينا مشروع بروجكت مانجمينت ، المكان اللي كانوا المتدربين جالسين فيه مب مع الموظفين كنا جالسين بغرفه اجتماعات خارج المكاتب اذا احتجنا نحاكي احد الموظفين عادي نقدر ندخل جوا المكاتب نسألهم ، كان فيه شهادة نهاية التدريب على انه كنا متدربين عندهم.,لا يوجد,كلاهما,,نعم,,
27/09/2019 15:04:35,STC SOLUTIONS ,٣ اشهر,نعم,Pre-sales Engineer ,يوجد - تخلف باختلاف المدة ,كلاهما,"المكآفأة تختلف باختلاف عدد المتدربين واختلاف الفتره التدريبية ، 
بالنسبة للعرض الوظفيفي هو غير اساسي و حالاته فردية (حاولو تبرزون نفسكم عشان تحصلون علية ) 
البيئة جدًا مختطلة و بعض المكاتب مشتركة مع الرجال (مع ملاحظه وجود مكاتب نسائية)
العمل يطلب لغة إنجليزية كويسة لأنه فيه شريحة كبيره من الموظفين أجانب (غير ناطقين بالعربية)",نعم,,
27/09/2019 15:10:25,القرار الآمن - Safe Decision ,شهرين,نعم,تدريبي كان عن Cybersecurity والمسمى متدرب تدريب تعاوني. الخطة كانت تدريب على كل أقسام الشركة بس بتدريبنا كان التركيز على المعمل ومركز العمليات الأمنية بالشركة. التيم كانوا المتدربين اللي معي وعددنا ٦(٣بنات و٣ أولاد) من جامعات مختلفة. بالبداية أخذنا كورسات مكثفة بالنتورك والسكيوريتي بعدها بدأنا العمل على شبكة خاصة فينا، سوينا لها installing and configuring وجربنا نشوف الـlogs.  شاركنا بـ incident response كان attack على جهة وكنا نحاول نفهم طريقتهم وحاولنا نوقفهم وسوينا تقرير عنه. اشتغلنا على Miter-Lab فكرته زي الـ Sandbox اللي هو نظام ينحط فيه ملف ڤايروس مثلًا ونشوف كيف يأثر عليه، لكن المايتر لاب شبكة متكاملة. فإحنا سويناها مع أحد كبار المهندسين بالشركة وراح يستخدمونه عندهم بالشركة. دخلت الـSOC اللي هو مركز العمليات الأمنية وهو مكان يراقبون فيه اللوقز والاتتاكس ويسوون لها تحليل وريسبونز. كانت تجربة جميلة  وتعرفت على كل شي بالتفصيل وكذا مره دخلنا وكان فيه كستمرز. برضوا طلبوا مننا عدة تقارير مثل: مواضيع متنوعة بالسكيوريتي ( تقريري كان عن التحقيق الرقمي الجنائي)، مقارانات بين تولز مستخدمة، تقارير عن الكورسات، وغيرها..,لايوجد,كلاهما,التدريب كان رائع وما أذكر بيوم كنت فاضية وماعندي شغلة. كل يوم إنجاز جديد، معلومات جديدة، كل يوم أتعرف على الموظفين المثيرين للإهتمام واستفيد من خبراتهم، الكل متعاون ويقدم لك المساعدة متى ما احتجت. وكان فيه ميتنقز اسبوعية مع الـCEO عشان يشوف الـ progress حقنا، الدوام مرن ومو مره مشددين على الحضور والانصراف المهم تنجز، فيه استراحة خاصة للنساء. الشركة رائعة جدًا وأنصح بالتدريب فيها خصوصًا للمهتمين بالـNetworks and Cybersecurity,نعم,,
27/09/2019 15:14:31,وزارة العمل و التنمية الاجتماعية,شهرين,لا,اذا كان على الخطة اللي عطوناياها كانت ممتازة و فيها اشياء حلوة تتعلمين عليها و تعطيك خبرة جيدة لكن الحقيقة طلع كلشي عكس المتوقع ما جهزو ولا شي و كل واحد يعطيك رؤوس اقلام عن الخطة و يمشي لدرجة ان الدوام ما نشتغل فيه الا بالكثير ساعة وحدة !! و بس ٣ او يومين بالاسبوع اللي نشتغل فيه باقي الايام ما نسوي شي و خلصنا الخطة بشهر بس فاضطرينا نشوف اقسام ثانية نتطلع عليها عشان نقدر نكمل الريبورت حقنا و ما ينترك فاضي فرحنا شفنا قسم الموارد البشرية و قسم امن المعلومات و قسم الدعم الفني و رجعنا لقسم الجودة اللي كان في الخطة و لقينا شي اصلا ما شرحوه لنا ولا طبقنا عليه اساسا فرحنا لهم على الاقل يرسلون لنا نماذج منها عشان نقدر نحطها بالريبورت و نكمل الخطة و طبعا المكان اللي تدربت فيه كان قسم تقنية المعلومات و ما كان فيه مشروع معين نشتغل عليه ,لا يوجد,لا أحد,,لا,,
27/09/2019 15:14:57,الجامعه السعوديه الالكترونيه ,شهرين,لا,4 اقسام ( البنيه التحتيه - البرمجيات - الشبكات - الدعم الفني ) اشتغلنا ع مشروع ( تطبيق للجامعه ) ,لا يوجد ,كلاهما,ما كان فيه شغل عملي كثير اغلب التدريب كان شرح ,لا,,
27/09/2019 15:40:01,Quant,شهرين,لا,تحليل البيانات، خبرة التيم علم بيانات وتحليل البيانات.,2000 بالشهر,كلاهما,انصح لمن تخصصهم تقنية المعلومات مسار علم البيانات.,نعم,,
27/09/2019 16:05:45,مستشفى الملك فيصل ومركز الابحاث,شهرين,نعم,مساعد باحث،الحوسبه العلميه،بنات من جامعة الملك سعود،انشاء تطبيقات تفيد اقسام المستشفى,لايوجد,كلاهما,,نعم,,
27/09/2019 16:30:55,شركة الالكترونيات المتقدمة ,شهرين,لا,قسم الهندسة والتطوير ، ,2555,كلاهما,,نعم,,
27/09/2019 17:33:42,E-box solution ,شهرين,لا,Web developer ,لا يوجد,لا أحد,,لا,,
27/09/2019 17:38:44,أمانة منطقة الرياض,شهرين,لا,"كنا ١٧ طالبة في التدريب، قسمونا ل٣ مجموعات كل مجموعة فيها ٥-٦ طالبات.. 
كل مجموعة وكلت بمشروع تسويه وكنا مخيرين بين الويب سايت او آب.. 
إنا اخترنا الويب سايت وبديناه من الصفر وفي الأخير عرضناه لإدارة الأمانة",لايوجد,كلاهما,مره استمتعت في تدريبي البنات كانوا مره لطيفات والمشرفة كانت تساعدنا قدر الإمكان 💞,لا,,
27/09/2019 17:42:31,شركة الإلكترونيات المتقدمه,٣ اشهر,نعم,تدربت في قسم ال E&D,3500,من سيتدرب بعد مستوى ثامن,النساء لهم مكان مخصص ولكن يكون هناك عمل مشترك مع الرجال,نعم,,
27/09/2019 17:52:20,مجلس النقدي الخليجي ,شهرين,لا,متدربه- ماكان عندهم برنامج للتدريب فالمهام كانت مره بيسك وماتعلمت شي جديد,لايوجد,لا أحد,,نعم,,
27/09/2019 18:10:07,الادارة المالية بجامعة الملك سعود,شهرين,لا,المسمى الوظيفي: مبرمجة | الادارة المالية-قسم التدقيق | فريق مكون من ٥ طالبات | برمجة تطبيق على سطح المكتب يقوم بحساب الغرامات تبع الجامعة/المستشفيات ,لا يوجد,لا أحد,اعتقد بأن التدريب يصبح افضل في بيئة يوجد فيها (مشرف تقني) -الادارة المالية لا يوجد فيها اي مشرف تقني-,لا,,
27/09/2019 18:47:49,الهيئة السعودية للملكية الفكرية,شهرين,لا,Business analyst,2000,من سيتدرب بعد مستوى ثامن,,نعم,,
27/09/2019 19:07:00,Lean Node,اكثر,نعم,"محلل نظم/System analyst. في قسم الهندسة يسمونه.. خبرتهم ٤ سنين في السوق والمشاريع التي دخلوا فيها كثير.. هدفهم الأساسي يبنون أفكار العملاء الستارت اب ليكون تطبيق/موقع. وعندهم بعض المشاريع مع الجهات الحكومية.. يستخدمون إطار Scrum في إدارة المشاريع. أحدث التقنيات يستخدمونها في تطوير البرامج (React.js, React-naitve, Node.js)",1500 ريال,من سيتدرب بعد مستوى ثامن,,نعم,,
27/09/2019 19:12:28,عمادة التعاملات الإلكترونية والاتصالات بجامعة الملك سعود بكلية الحاسب,شهرين,نعم,تدربت كمطور برمجيات في قسم البوابة الرقميه ، التيم معي كان احد  مدراء و خريجي نادي تقنية المستقبل الاسطورة نواف الخليفة، كان مديري هو الدكتور عبدالرحمن الخنيفر، اقترح علينا انا وعبدالعزيز العبيلي فكرة مشروع Augmented Reality بحيث يكون بلاتفورم تحفظ فيه الaugmented reality experinces في داتابيس ، التقنيات اللي تدربت عليها كانت AR و java spring boot و رياكت، اللي سويته اني جهزت باك اند للمشروع باستخدام جافا سبرنق بوت وفرونت اند باستخدام react و client على ios ب سويفت.,لا يوجد,كلاهما,,لا,,
27/09/2019 19:17:38,STC قطاع التطبيقات,شهرين,لا,تدربنا في قطاع التطبيقات بالخصوص على نظام يسمىCRM هذا النظام مهم واساسه من اوراكل بس تم تطويره من قبل الاتصالات، اشتغلنا م مطورين للنظام وبرضو tester وتعمقنا بالتيستينق كثير فهمنا عمليات كثيره كيف تتم من اصدار شرايح وتغيير ملكية واضافه منتجات  وكيف يضيفو ميزات جديدة للنظام. قطاع الاتصالات عميق ومتششت وفعلاً كانت تجربه حلوه اننا نفهمه ونستوعبه وعملوا لنا سيشنز مختلفه بخصوص الاتصالات ككل ومهامه وكيف يحافظون على امان المعلومات والبيانات..المشرفات كانوا قمه قمه بالأخلاق والتعامل كانو يعطونا من قلب وماقصرو معنا بشي(قلووب),يوجد ٣٠٠٠,كلاهما,البيئة غير مختلطه بسبب ان الحزء اللي تدربنا فيه ماسكينه بنات  وحنا تدربنا تحتهم,لا,,
27/09/2019 19:26:53,أماز,شهرين,نعم,المسمى الوظيفي : web developer وتدربت تحت قسم الـ IT وكان صدق تدريب ممتع ومثري جدًا، ماكنت ماخذه كورس الويب وطلعت من التدريب وانا اقدر اسوي مواقع بنفسي. المشاريع الي اشتغلت عليها متنوعه فيه موقع سويناه من الصفر وفيه مواقع حسناها، ككل البيئه ممتعه والخبرة عاليه.,لا يوجد,من سيتدرب بعد مستوى سادس,,لا,,
27/09/2019 21:20:37,Osloob اسلوب,شهرين,نعم,مهندس برمجيااات,ايه  بعد التدريب ١٧٠٠,من سيتدرب بعد مستوى ثامن,شركة صغيرررة مررره ( startup) الشركة مب ذاك التنظيم فالتاسكات متساهلين  بالنسبة للي راح تتعلمة (سواء برمجة او اساليب ) ما راح ينشرح لك بسكل مفصل يمكن كذا ابو دقيقتين مقدمة عنة لاكن بيعطوونك اسمة ويقولك دور فالنت وتعلمة ،طبعا ما فيه تنظيم بالاشياء اللي راح تتعلمها وما راح تكون على مسماك الوظيفي يعني عادي يجيك ويقولك اكتب بوست لتويتر ولا سووو ديزان لنا وانت متدرب باسم مهندس برمجيات لاكن متساااهلين بالوقت ،طبعلن انعرض علي وظيفة بعد التدريب مهندس برمجيات راتب ٥٠٠٠,لا,,
27/09/2019 22:03:28,تطوير,شهرين,نعم,مطور برمجيات، قسم التطبيقات، بإدارة غيداء الرومي، سوينا مشروعين عن طريق التواصل مع api,لا بوجد,من سيتدرب بعد مستوى سادس,,لا,,
28/09/2019 04:00:42,امانة الرياض ,شهرين,لا,"سيستم اناليست - كان الوضع عازلين بنات التدريب بمبنى لحاله، كنا قروب خمس بنات  ومعطينا مشروع خربوطي لويب سايت على مدى الشهرين نسويه مع حملة توعوية.
صراحة اللي يبي شغل صح وتدريب على مستوى لا يفكر فيها للأمانة تحسفت مره اني تدربت فيها ",لا يوجد,لا أحد,,لا,,
28/09/2019 10:36:32,عماده التعاملات الإلكترونية في جامعه الملك سعود,شهرين,لا,مطور في عماده التعاملات الإلكترونية .عمل مريح وطورنا موقع للتسجيل في النادي الرياضي,لا يوجد,كلاهما,لايوجد,لا,,
28/09/2019 20:24:51,الالكترونيات المتقدمة,شهرين,لا,تدربت فيه اكثر من قسم ,2500,كلاهما,,نعم,,
30/09/2019 07:47:07,Cisco,شهرين,لا,حصلت دورات ccna ,لا يوجد,من سيتدرب بعد مستوى سادس,,لا,,
30/09/2019 10:16:26,Cisco,شهرين,لا,حصلت دورات ccna ,لا يوجد,من سيتدرب بعد مستوى سادس,,لا,,
01/10/2019 17:14:32,شركة تحكم التقنية المحدودة TCC,شهرين,نعم,المسمى : Full stack Intern,2000 بس ما اخذتها الى الان 😂💔,كلاهما,الي بيتدرب انصحه ياخذ التدريب اخر مستوى وشكرًا ❤️,لا,,
04/10/2019 03:28:21,شركة عِلم,شهرين,لا,قسم علم سوفت- المسمى الوظيفي متدربة مطورة تطبيقات جوال أندرويد- الشركة اختصاصها امن المعلومات والحلول الرقمية عملنا على مشروعين تطبيق جوال وكان فيه برزنتيشن، بيئة العمل محفزة على التعلم والتطوير طورنا تطبيقات الجوال من الصفر ووصلنا لمستوى متقدم، التدريب لا يتطلب خبرة مسبقة في الاندرويد، فقط معرفة بالجافا وبالبرمجة الكائنية، برضوا كانوا يقيمون لنا دورتين او جلسات كل اسبوع لمواضيع مختلفة وساعدتنا جدأ بتوسيع مداركنا المعرفية، جداً انصح بالتدريب فيها,مكافأة 1000/شهر,كلاهما,تعقيباً على ان البيئة مختلطة عملنا بالكامل كان مع الموظفات القسم نفسه ليس مغلق، لكن بالنسبة للموظفين ما كان لنا عمل معهم فقط اللقاءات الاسبوعية,نعم,,
12/10/2019 12:09:58,المؤسسة العامة للحبوب,٣ اشهر,لا,"المسمى الوظيفي : user support .
التيم اللي معي عاديين السعودين اللي موجودين ، وفيه هنود كثير كويسين الصراحة ، بس ما يشاركون كثير من معلوماتهم يخافون احد يمسك منصبهم ، البيئة عادية ، والشغل عادي واقل من عادي ، مافيه مشاريع تذكر ، ماكانوا يدخلوني بكثير من المشاريع بخصوص انها جهة حكومية ومعلوماتها تعتبر سرية ، بشكل عام جيدة الى اقل من جيدة التجربة ، وانا كنت ماخذها كاختيار اخير ..",لا يوجد,لا أحد,,لا,,
15/10/2019 17:49:13,موبايلي,شهرين,لا,"قسم البنية التحتية، العمليات.
التجربة كانت ممتازة جداً، لكن بما أن الشركة كبيرة فهم يتعاقدون مع الشركات لإنجاز الأعمال وهم يديرونهم فقط، فمن يبحث عن فائدة عبر الممارسة فالشركات الكبيرة خيار غير مناسب تماماً له.",لا يوجد,كلاهما,,نعم,,
15/10/2019 22:33:48,سابك,شهرين,لا,Business analyst ,4000,كلاهما,,لا,,
05/11/2019 00:49:00,علم,شهرين,لا,تدربنا كمطورين اندرويد  كنا خمسين بنت وكان عندنا مدربه تعلمنا على الاندرويد وسوينا بالنهاية مشروع خاص فينا للاسف ماكان فيه اي احتكاك مع الموظفين غير السيشنز اللي مره كل اسبوع بالخطه التدريبه كانوا كاتبين اننا بنحتك مع الموظفين وكنا متوقعين نكون نفس السنوات اللي قبل بس للاسف كان نفس الجامعه علما انه كان لكل متدربه مكتب وجهاز ويوزر خاص فيها الشرركة حلوه لكن ماكانت مثل ماتوقعت,1000 للشهر,كلاهما,بالتوفيق ,لا,,
13/11/2019 19:12:18,   ا,اكثر,لا,   ا,  ا,لا أحد,متى بتنشر النتائج؟,لا,,
31/12/2019 14:04:05,مؤسسة الملك خالد ,شهرين,لا,في البداية بالمقابلة قالو لي اني راح اتدرب معهم لتطوير الموقع بحكم خبرتي فيه وانهم ممكن بعدها يدخلوني في مهام تقنية اخرى، قبلت وكنت متحمسه لكن الصدمه انهم خلوني طوال الشهرين اسوي اعمال ادارية بحته مثل: عمل تقارير وعروض، اصمم بوسترز وغيرها.. طلبت منهم اني اشتغل مع القسم التقني و لكن ماكان فيه استجابة، الموظفين بشكل عام متعاونين وطيبين جداً والبيئة مريحة لكن مساحة ان الطالب التقني يبدع عندهم ويتعلم اشياء جديدة جداً ضعيفة.,1500,لا أحد,"لا انصح طلاب التقنية بالتدريب عندهم لان 
 القسم التقني عندهم موظفينه مايتعدون ٥ تقريباً واعمالهم كلها دعم فني لذلك مافيه فائدة راح تخرجون منها",نعم,,
16/02/2020 09:34:33,شركة ثقة لخدمات الأعمال ,شهرين,نعم,كنت متدربه في قسم أمن المعلومات والتيم كامل كان شباب، طبعاً خبراتهم جداً كانت عاليه ومتعاونين ويساعدون بكل الطرق الممكنه، طبعاً اشتغلت على اكثر من شي وللاسف ماعندي صلاحيه اني اتكلم عنها بس كانت اشياء جداً تعطي خبره.,3000 ريال ,كلاهما,البيئه جداً جداً مختلطه يعني اللي عندها حدود في الاختلاط مع الرجال ماراح تقدر تتأقلم، لكن الكل بلا تخصيص كانو محترمين جداً والبيئه كويسه كبيئة عمل ومريحه,نعم,,
15/03/2020 18:17:14,مصرف الإنماء,اكثر,لا,كان منسق تدريب مسؤول عن البيانات لكل موظف بقسم ادارة التعليم والتدريب ، هسقنا وخططنا لبرنامج تطوير الخريجين برنامج القوي الامين الرابع ، التيم خبرته كانت كلها عن التخطيط والعمليات ,لا يوجد,من سيتدرب بعد مستوى ثامن,التعامل كان معي كمتدرب سيء وحتى ابسط حقوقي مثل جهاز شخصي او ايميل ماعطوني,لا,,
20/05/2020 07:11:30,مستشفى الحبيب - حلول السحابة,شهرين,لا,تدربت في مستشفى الحبيب كان معي خمس بنات وحطونا بقسم شركة مشغله لهم اللي هي حلول السحابة ، القسم كان عبارة عن دعم فني عن طريق الرد على اتصالات الموظفين ومعرفة المشاكل اللي تواجههم وحلها او ارسال موظف لهم يحلها بشكل مباشر، طبعا مااعطونا يوزرات او اجهزة بحيث نرد عالاتصالات احنا . كنا مجرد نجلس بجانب الموظفين ونشوفهم يشتغلون :) . ,لايوجد,لا أحد,اللي يبي يستفيد من التدريب ما انصحه  يتدرب عندهم لاسباب كثيرة ، اولا انهم غير مستعدين للمتدربين وماعندهم خطه واضحة للتدريب . الشي الثاني انك بتشوفينهم يشتغلون على نظام خاص بالمستشفى يعني حتى ماراح تاخذين خبرة لك. والشي الثالث تدريبهم نظري يعني ماراح يكون فيه تطبيق عملي او شغل ابد مع اننا حاولنا فيهم يعطونا مهام نسويها ويشرفون علينا بس ماحصلنا تجاوب منهم .  وبالنسبة للاختلاط كان القسم صغير جداً وكله رجال مافيه موظفات الا ثنتين تقريباً والمكاتب جنب بعضها مافيها مسافه بينهم . ,نعم,,
25/01/2021 20:22:51,RasMal,اكثر,لا,كانوا Start-up يوم كنت اشتغل معهم والصراحة ما كان شغلهم احترافي أبد ,لا يوجد,لا أحد,كان الشغل عن بعد ,لا,,
25/01/2021 20:36:19,Takaful Charity Foundation,شهرين,لا,"Data Analysis
تدرب في قسك البيانات، الفريق الي معي كان مكون من ثلاث اشخاص، دكتور واثنين سينيور، ما اشتغلت على مشروع معين، التاسكات الي كانت تجيني تعتمد على احتياج الشركه، بشكل عام تجربتي كانت متوسطه بحكم ان الشغل كان اون لاين فمادخلت مع التيم بشكل ممتاز، الاشخاص الموجود كانوا جدا متساعدين",لا يوجد,كلاهما,تجربتي يمكن تكون مختلفة تماما بحكم اني تدربت اون لاين بسبب كورونا,لا,,
24/07/2021 05:22:06,الاساليب الذكية,شهرين,لا,تدربت بقسم ال IOT وكمان بمسارات متعدده بالهندسه هي شركه مختصه بصناعة الروبوتات وبرمجتها التدريب مففففيد جدا تعلمت اشياء كثير الي مايشتغل ما انصحه بذا المكان ,لا يوجد,من سيتدرب بعد مستوى ثامن,,نعم,,
29/07/2021 13:14:13,National Center for Government Resources Sys.,شهرين,نعم,Developer - Build API Project at ASP.NetCore + Create Database + web pages + validation + Testing + business analysis and design. ,لا يوجد,من سيتدرب بعد مستوى ثامن,البيئة رائعه ، طاقم العمل رائع جدا معطائين ويهتمون ان الطالب يعمل ويتعلم باكبر طريقه ممكنه . ,نعم,,
29/07/2021 13:59:20,كاكست,٣ اشهر,لا,"

بسم الله الرحمن الرحيم ، السلام عليكم جميعًا ان شاء الله تكونون بخير وصحة وعافية يارب . 
حابة اكتب تجربتي بالتدريب في مدينة الملك عبدالعزيز للعلوم والتقنية خصوصًا في المركز الوطني لتقينة الروبوت وانترنت الاشياء. مدة التدريب كانت ٣ شهور بديت قبل الفصل الصيفي ب اسبوع وانتهيت بعد انتهاء الفصل الصيفي ب اسبوعين . انا الصراحة كان توقعاتي بخصوص المكان مره عاليه ومتحمسه بس جيت وانصدمت بالواقع 💔 المبنى كان عادي جدًا و صغير يعني تقريبًا كان فيه ٢٠ مكاتب او اقل ( تنبيه: اذا انت/انتي  تتوقعون ان المكان حلو فأنا اقولكم لا) بس قلت عادي اهم شي التدريب والخطة وأني أستفيد .اول اسبوع كان تعريفي بالمركز و ايش اختصاص المركز و الابحاث والمشاريع اللي يسوونه ( كان لقاء ب زوم عشان كورونا ) وبنفس اليوم المشرف اتصل علي وقالي اجي و شفت المكان و عرفني على المركز واخذت جولة فيه . وفي اثناء هذا الاسبوع ارسلوا لنا بالايميل الخاص بالمدينة عدة مشاريع وقالوا أقروها و اختاروا اللي تبون عشان راح تشتغلون عليها طول الفترة . لما جاء إجتماع المناقشه علمونا ايش يبون من المشاريع اللي اختارنا وبعدها بدينا نشتغل  المشروع حقي كان انشاء موقع وربطه ب قاعدة بيانات ،الجديد علي أنو يبون استخدم بس جافا سكربت و sql server و كان كل اسبوع يتجمع معنا المشرف و يشوف ايش وصلنا له و ايش عندنا اسئلة ، وخلال الفترة هذي كانوا يسوون لنا ورش عمل عن اشياء كثيره .طبعاً انا كنت اشتغل لحالي مامعي احد ، لانو اصلا احنا بالمركز مافي الا ٣ بنات بس لذلك عطونا مشاريع صغيره . وفي نص التدريب طلبوا مننا نسوي mid report  عن اللي نسويه الحين و وين وصلنا بالمشروع كانوا طالبين مننا نسويه ب LaTeX هم عطونا التمبلت واحنا اضفنا فيه الكلام والصور. واي كل اسبوع لازم نسلم تقرير اسبوعي للمشرف بالمدينة غير عن حق الجامعة ، وفي نهايه التدريب سلمت final report  وانتهت فترة التدريب ولله الحمد والفضل والمنه 🧡🙏🏻. طبعا تجربتي كانت زينه بس احس ماستفدت اشياء كثيره تخص سوق العمل يعني الوضع اقرب ماله جامعة روحي سوي المطلوب ويشوفه المشرف واكتب تقرير عليه وخلاص، بيئة العمل اللي كنت فيه ماكانت محفزه مره مره.  استفدت شوي واكتشفت اشياء بخصوص انترنت الاشياء و البحوث العلمية . وبس ، وأتمنى أني افدت احد بتجربتي ☁️🍃.
",لا يوجد,لا أحد,,نعم,,
30/07/2021 14:31:12,جمعية تواصل للتقنيات المساعدة,شهرين,لا,قسم المشاريع التقنية/اشتغلنا على تطوير تطبيق يخدم الناس اللي عندهم صعوبات أو عدم قدرة في النطق والكلام..مسكنا تحليل النظام وكان الشغل أقرب ما يكون لهندسة البرمجيات واشتغلنا كتيم وكان علينا مشرفة ..اخر شي مسكوا كل بنت مهمة تخدم التطبيق ..مهمتي كانت برمجية والتجربة كانت لطيفة ومفيدة,لا يوجد,كلاهما,لا شيء,لا,,
01/08/2021 15:52:26,مؤسسة وقف دعوتها,شهرين,لا,اخصائية تقنيه بس التعامل كله كان مع قواعد البيانات الخاصه بالشركه وانشاء قاعدة بيانات جديدة ,لايوجد,كلاهما,,لا,,
22/08/2021 09:25:10,شركة ارامكو السعودية,شهرين,لا,"المسمى الوظيفي يكون على حسب القسم ، انا تدربت في فريق التعلم التعاوني والتقنية يتبع لقسم  نقل المعرفة
بداية انت ما راح تشتغل على مشاريع حقيقة ولا راح تشتغل معهم في شيء حقيقي بحكم حساسية المعلومات وكونك
مجرد متدرب، لذلك طريقتهم انهم يبنون لك خطة تدريب بكورسات تكون من عند نظام التعلم عندهم، وممكن تشتغل على
مشروع جانبي مع المشرف ويخليك تشترك مع المتدربين الي زيك.",3500,كلاهما,"لا أنصح بالتدرب مع أرامكو لمن يطمع بالفائدة العملية والتطوير المهني والذاتي، انصحك فيها كتجربة لتطلع على بيئة
عمل جداً جميلة ومتنوعة بشكل كبير وخصوصاً للبنات بحكم انهم يسكنونهم في السكن الرئيسي :) 
إذا تحب أي تفاصيل تواصل معي تويتر : ishe1dexintertr",نعم,,
14/11/2021 10:01:43,مستشفى الملك عبدالعزيز الجامعي,شهرين,لا,تدربت في قسم إدارة تقنية المعلومات، لا يوجد مسمى محدد لكن كنت ماسكة أشغال web development، التيم لطيف لكنه مشغول أغلب الوقت فما فيه ذاك الدعم الكافي للمتدربين (كنت المتدربة الوحيدة والسنة اللي قبلها ما استقبلوا متدربين، فيمكن ما كانوا متوقعين متدربين هالسنة).,لا يوجد,كلاهما,"الجهة لها عيوبها ويمكن كثير ما يفضلون يتدربون عندهم، لكن أشوفها خيار مناسب للي يبحث عن جهات غير مختلطة (مكاتب البنات مفصولة عن مكاتب العيال وما شفت إن فيه تواصل بين الاثنين بغير الواتسأب، ومديرة القسم امرأة)، بالنسبة لي ما كانت تجربة سيئة زي ما توقعت خصوصًا إنهم كانوا يعطونني شغل على بروجكتس حقيقية عندهم. عيبهم بس إن شغلهم فوضوي (بالنسبة لي) وما كنت أقدر أقطع شغلهم وأخليهم يساعدونني، كذلك مشرفتي خططت لي خطة جدًا ممتازة لكن للأسف ما طبقتها. ومثل ما قلت قبل أتوقع ما كانوا متوقعين متدربين.
أتوقع لو كنت حارة ونشبت لهم أكثر وتممت شغلي وسألت مشرفتي عن باقي الخطة ممكن بستفيد أكثر. عشان كذا إذا كان عندك الجرأة والحرارة هذي أنصحك فيهم. بالنسبة للعرض الوظيفي، اخترت لا لكن عرضوا علي أتطوع عندهم وكذلك طلبوا مني أقدم على وظيفة بمسمى إخصائي كمبيوتر.",لا,,
15/11/2021 08:15:34,مدينة الملك عبدالعزيز للعلوم والتقنية (كاكست),شهرين,لا,اشتغلنا فرونت اند انهانسمنت لمشروع هم مسوينه وشبه منتهي لكن باقي الفرونت اند يبيله تحسين + حل بعض البقز، فكانو يقولون لنا بالبداية اننا نسوي الانهانسمنت للفرونت اند، والانهانسمنت هذا احنا نختاره براحتنا سواء قلتي ابي اشوي اليوم سكرين ولا قلتي بسوي خمسه سكرين براحتك، خلونا ندخل في القيت لاب حقهم الصدقي ونسوي بش وبل، كنا نعرض شغلنا اسبوعيًا، اشوفه مكان كويس للي ما يطمح انه يتعلم كثير بالتدريب,لا يوجد,كلاهما,البيئة مختلطه لكن اختلاط خفيف جدًا ,نعم,,
15/11/2021 08:37:06,البنك العربي الوطني,شهرين,نعم,"Information Security department 
الاداره كلها جديده والستاف صغار وكلهم فاهمين شغلهم
البيئه جدا جدا مريحه
يعيبه البعد كان في حي المربع
اشتغلت على data privacy and protection 
لسه كل شي جديد فيه بس كنا مركزين تكثر شي على classfication  للتطبيقات للملفات ",لا,من سيتدرب بعد مستوى ثامن,,نعم,,
15/11/2021 09:19:22,الهيئة السعوديه للبيانات والذكاء الاصطناعي سدايا,٣ اشهر,نعم,"تدربت بقسم ال research center 
واشتغلت على مشاريع  NLP 
وكل الموظفين يجننون ويبون يعلمونك كلشي يقدرون عليه ",لايوجد,من سيتدرب بعد مستوى ثامن,انصح اي احد مهتم بالذكاء الاصطناعي يتدرب عندهم,نعم,,
15/11/2021 09:32:51,شركة مسارات العالمية,شهرين,نعم,كنت مطورة ويب ، مامعي احد بس انا والمبرمج حقهم ، خلوني اشتغل على موقعين للشركة ,لا يوجد,كلاهما,"الشركة مره صغيره ، غرفة فيها انا وغرفة فيها موظفتين وغرفة ادارة وغرفة للمبرمج .. بالغرفة حقتي مايدخلون رجال يعني مايعتبر مختلط ولا يعتبر نسائي .. التجربة حليوه ، تعلمت على .net واستفدت ومرنين بساعات العمل مايدققون علي ابد 
لكن اللي يبحث عن تكوين علاقات وعمل كفريق ماتصلح له",لا,,
15/11/2021 09:39:19,مطارات الرياض,شهرين,لا,Cypersecurity ,لا يوجد,لا أحد,الشركة كأسم حلوه بس ما كان في شغل ابد اطريت اشتغل من نفسي وقت الخروج والطلعة سهالات فلكسبل كانو,نعم,,
15/11/2021 10:49:05,SABB bank,شهرين,لا,المسمى كان Security Officer ، تدربت في قسم information security risk  تحديدا Third Part,لا يوجد ,من سيتدرب بعد مستوى ثامن,,نعم,,
15/11/2021 11:44:28,وزارة الاتصالات وتقنية المعلومات MCIT,٣ اشهر,لا,"انا تدربت في الإدارة العامة للامن السيبراني، خطتهم رائعة، طريقة تدريبهم rotation بين SOC and GRC شهر هنا وشهر هناك واذا تبين شهر زياده تختارين اي قسم تتدربين فيه مع التيم. 
بصراحة كانت فرصه عظيمه بالنسبه لي وانصح اي احد يتدرب عندهم لانهم ماياخذون اعداد كبيره اقصى عدد ٣ متدربين ويعطونك حقك واكثر، والتيم متعاونين جدا الجميع بلا استثناء يحاول يساعدك ويفيدك باللي عنده، وبيئتهم حلوه مره. ",لا يوجد,من سيتدرب بعد مستوى ثامن,,نعم,,
15/11/2021 15:15:21,هيئة الغذاء والدواء,شهرين,نعم,قسم ادارة الامن السيبراني، تقريبا اطلعت على اغلب شغلهم وعملت على قليل منه ,لا يوجد,كلاهما,التدريب كأنه دراسه اكثر من انه شغل، وغالبا يجب الركض خلفهم ,نعم,,
15/11/2021 17:33:00,جامعة الملك سعود-عمادة التعاملات الإلكترونية والاتصالات,شهرين,نعم,"مهندس شبكات
عملت ميدانيا في قسم الشبكة بالعمادة مع الفنين في اصلاح اعطال الشبكة في الحرم الجامعي، ثم عملت مع المهندسين في اعداد السوتشات وتحديثها",لا يوجد,من سيتدرب بعد مستوى ثامن,,لا,,
15/11/2021 18:00:03,سحاب,شهرين,نعم,كنا نمشي على اللايف سايكل كامله بس لان التيم اللي معي من المتدربين كنا سريعين خلصنا السايكل بدري فعطونا شغل فالكوالتي والتستنق بس الصراحه يجي الشغل بعد نشبه شوي ,لا يوجد,كلاهما,الدوام مره مرن واهم شي عندهم الانجاز اكثر من ساعات الدوام ولا كانو يدققون في الدوام مره الصدق ,نعم,,
16/11/2021 01:04:13,مدينة الملك فهد الطبية ,شهرين,لا,"التدريب عندهم فكرته غريبه  نظامه كأنك ماخذه دورة 
مو تدريب . يشرح الدكتور اول شهر وبعدها اشتغلنا كقروبات وكل قروب اختار فكرة مشروع واشتغل عليه ",لا يوجد,كلاهما,,نعم,,
17/11/2021 12:44:07,T2,٣ اشهر,لا,"(تدريبي كان اونلاين)
أول شيء هم كلموني وقالوا اختاري بين ثلاث مسارات يا (ادارة مشاريع ،برمجة ، قسم حق السيرفرات وكذا )
بعدين سوولنا اختبار بسيط عن المسار الي اخترناه (اونلاين)
واخر شيء مقابلة (كنت شوي ملخبطة بين بعض المواضيع الي سالني فيها لكن بعد ما اجاوب كان يبين ايش الاحابة الصحيحة وكانت المقابلة اونلاين بعد)بس الحمد لله الامور مشت 
القسم الي تدربت فيه كان (ادارة المشاريع PM) 
أول شهرين تقريبًا كانوا يعطونا زي المحاضرات ، كل اسبوع أو اسبوعين كان يجينا موظف مختلف ويكلمنا عن أحد المواضيع (موضوع الكواليتي اشورنس ، التصميم، ادارة المشاريع ،محلل البيانات …) بعضهم كان يطلب مننا نطبق ونسلم وبعضهم زي الاساسمنت ونسلمه 
واخر شيء اخذو متدربين من كل مسار وقسمونا ثلاث مجموعات 
كل مجموعة فيها من المبرمجين والبزنس مانجر وحقين السيرفرات 
واعطونا مشروع (لكن في حالتي كمسار ادارة مشاريع خيروني بين ثلاث ادوار يا(مديرة مشروعPM أو محللة بياناتBA أو كواليتي اشورنسQA) رتبتهم أول شيء BA بعدين QA وآخر شيءPM
بعدين اخر شيء قيمونا وكل فريق فاز بمركز 
",عطونا آخر شيء مكافأة 500 ﷼,كلاهما,"البيئة مختلطة كتجربتي اونلاين يعني كنا البنات والاولاد مع بعض 
لكن كحضوري الصراحة ما ادري ",نعم,,
14/12/2021 14:20:53,SAUDIA,شهرين,لا,"المسمى مطور ويب ،تدربت في development department ثاني اهم قسم تقني في الخطوط ،كنا ٦ اشخاص :ثلاث بنات و ثلاث أولاد. وكان علينا ثلاث مشرفين , القسم كان برمجي بحت والمشروع اللي اشتغلنا عليه كان موجود لديهم ولكن يبغوا يشوفوا طريقتنا في برمجته وتصميمه ( كان مشروع integrated ) وجدا كنا مستمتعين في العمل.",لا يوجد,من سيتدرب بعد مستوى ثامن,انصح العمل في الخطوط في هذا القسم ( ليس لدي علم بالأقسام الأخرى) كانت فترة التدريب رائعة وبين العمل يكون هناك سيشن تعريفية عن الاقسام التقنية الاخرى في الخطوط للاستفادة والمعرفة.,نعم,,
15/12/2021 21:48:21,مدينة الملك فهد الطبية,شهرين,لا,"المسمى الوظيفي متدرب 
اسم الادارة التنفيذية = الادارة التنفيذية لتقنية المعلومات
اسم القسم = قسم تدريب الانظمة
اسم الرئيس المباشر = م. علي  محمد حميدالدين

التدريب كان ( عن بعد ) 
من الساعه ٩ الصباح الى ٤ 
لكن ياخذ بعض الوقت ويغير وقت البدايه دائما
التدريب عباره عن دروس و مبادئ تساعد بالاخير ان ننشئ web application development  
باستخدام لغات عده منها sql و C# , html,css ",لا يوجد,كلاهما,,نعم,,
17/12/2021 20:57:29,SDAIA ,٣ اشهر,لا,تدربت في توكلنا-الجودة تدريبي كان تحت مسمى مهندس جودة برمجيات quality assurance واشتغلت على اكثر من مسار وكان فيه امكانية تنتقل لادارة ثانية غير الجودة، الفريق جدا متعاون وحريص على انك تتعلم وكانت تجربة مثرية ،كنت جزء من التيم فكنت اشتغل على مشاريع حقيقة ,لا يوجد,كلاهما,,نعم,,
25/12/2021 20:01:03,الاساليب الذكية,٣ اشهر,لا,تدربت بمسار القوى الكهربائية والالكترونيات ، والمهمات كانت عبارة عن تكوين الدوائر الكهربائية والاردوينو ، التدريب اونلاين او عن بعد حسب الرغبة وكل مسار ينفذ مهمام مختلفه للمشاركة بتجهيز مشروع واحد ضخم ، ما كان التدريب صعب فقط عبارة عن تعليم ذاتي ومستواه جيد حتى للمبتدئين ، ويستقبلوا متدربين بجيمع الاعمار انصحكم تاخذوه بسنه مختلفه عن تدريب الجامعه وتروحو لمكان افضل بسنة التدريب.,لا يوجد,من سيتدرب بعد مستوى سادس,,نعم,,
06/01/2022 16:48:25,T2 Business Research and Development ,اكثر,نعم,"Job name: Software Development Trainee
Department: Software Development (there was an option to join the Operations department but I chose development)
Every trainee is assigned to one or two mentors from the beginning of the training. The mentors were actual software developers working in the company so they are very experienced. After two months, the trainees were divided to teams and worked together to develop and deploy a complete web system. The company provides really good quality training, and two of my colleagues (both are female) were employed by the company afterwards, so there is a high chance of getting employed after you complete the training with them. If you have any questions or you need any other info you can contact me via Email: zalsafwan@gmail.com",They gave us 1000 SR at the end of the training,من سيتدرب بعد مستوى ثامن,We worked remotely so I don’t know of that is considered اختلاط or not.,نعم,,
06/01/2022 18:16:26,ارامكو - جده - فرع بريمان ,شهرين,نعم,تدربت في قسم information security analysis ، in WRDD المشرف كان متعاون جدددا ونمى فيني مهارات كثيره واعطاني نصايح قييمه جدا ايضا الاشياء اللي لاحظ انها عندي فيها نقطه ضعف اجبرني اني اسويها عشان اتعلم منها - اشتغلت على مشروع معاهم عباره عن IT optimizations وكنت تقريبا اسوي اغلب الاشياء واعطي تقارير للمشرف - وفي النهايه ما انصح كثير التدريب في هذا القسم لان ما كان عندهم خطه واضحه للتدريب على حسب الشغل اللي يجيهم ذاك الاسبوع ع حسب ايش يعطوني لكن من جهه الناس في القسم جدا متعاونينن ,3500,كلاهما,اللي بيتدربون بنفس القسم حقي لازم يكونون عندهم مهارات التواصل لان لو ما رحت كلمتهم واصريت اني ابغا اشتغل واتعلم ما اتوقع انهم بيعطوني شي ، بالعاده لازم تبين لهم اصرارك وحبك للتعلم عشان يثقون شوي شوي ويعطونك شغل كوويس. ,نعم,,
20/01/2022 21:46:42,شركة هدهد (Hudhud Conversational AI),شهرين,لا,"المسمى الوظيفي: Machine Learning Engineer 

اتدربت في صيف 2020 ، كانت الشركة في بداياتها صار لها سنة وكم شهر، فكان structure الشركة مو واضح والتركيز على المنتج أكثر من هيكلة الشركة، لكن وقتها كنت في قسم ال Product Engineering 

الشركة تبني Customer Service ChatBot باللغة العربية، فكان شغلي هوا تطوير أحد أجزاء تعلم الآلة في الchatbot، وبما أن المدخلات نصوص فكان شغلي يندرج تحت تعلم الآلة وبالتحديد معالجة لغات طبيعية Natural Language Processing (NLP) ، الشركة كانت صغيرة وقتها لكن مشرفي كان ممتاز جدًا والتواصل عن بعد ما كان عائق لأنهم يستخدموا وسائل التواصل وتنظيم المهام بفعالية. 

المميزات: اتعلمت كثير في المجال (كنت اشتغلت قبلها في مشروع تعلم آلة ولكن في مجال الصور، كانت أول مرة أتعامل مع نصوص) - كمية الشغل مناسبة لفترة التدريب - فريق العمل ممتاز من ناحية علمية وتوجيهية ويتقبل كونك شخص متدرب -  التواصل مع المشرف سهل واستفدت من علمه - خطتي التدريبية تعتبر واضحة نسبيًا مع أن الشركة تعتبر startup - كون الي اشتغلت عليه تحسين لمنتج يشتغل فما كان فيه strict deadlines ما عدا المرتبطة بالجامعة.

السلبيات: تقريبًا نفس سلبيات العمل في أي startup بصفة عامة، فريق العمل صغير، بالتالي الضغط كبير على كل الفريق، عدد قليل من الأشخاص يراجع شغلك وعدد قليل تقدر تسأله إذا واجهت مشكلة ومشرفك مشغول، تكتب كود من الصفر أكثر مما تقرأ وتفهم أكواد سابقة وتضيف عليها (قراءة وفهم الأكواد مهارة مفيدة)...  

لكن عمومًا كان ضغط العمل منطقي وأعتقد لو كان الشغل أقل من كدا كان ما استفدت لهذه الدرجة في شهرين.

باختصار التجربة ممتازة جدًا بالنسبة لي.",لا يوجد,كلاهما,كون تدريبي عن بعد فما عندي خلفية عن مقر العمل  وهل هو بيئة مختلطة أو لا، ولكن عمومًا كطالبات كنا نتواصل مع رجال.,نعم,,
27/02/2022 21:10:29,تحكم,شهرين,نعم,مطور تطبيقات، التيم الي اشتغلت معاه كله متدربات معي وواذا احتجنا شي نسأل الموظفات معنا، اخذنا مشاريع صغيرة نجرب تقنيات جديدة وفي الأخير عطونا مشروع ويب يخدم الشركة,2000,كلاهما,الجهة تبحث عن حديثي تخرج، التقديم عليها من خلال لينكدان,لا,,
14/03/2022 15:07:24,Stc,شهرين,نعم,مسمى مبرمج وتدربت بقسم تطوير التطبيقات وكان جدا مفيد وسع تفكيري وكان عمل جماعي والمعلومات اكتسبتها من الشغل معهم وسويت كود وجربت الكود بالموقع وطلع لليوزر وكان ممتع اشوف الشغل والتغير مباشره عند اليوزر النهائي,لايوجد,من سيتدرب بعد مستوى ثامن,نصيحه التدريب خلوه اخر شي عشان لو عرضو عليكم وظيفه تكملون معهم ,نعم,,
03/04/2022 17:07:56,عمادة البحث العلمي بالجامعة,شهرين,لا,مافيه اي مسمى وظيفي ولا عندهم تيم :) كانوا يبون احد يسوي لهم داتابيس بدون ما يستعينون بمبرمج (ببلاش بالعربي) ولا عندهم اي معرفه ولا خبرة بالموضوع ولا فيه اي احد نرجع له بحال استصعب علينا شي، هم بنفسهم مو عارفين ايش يبغون واعطونا متطلبات غير واضحه وراحت الشهرين كلها نعدل بشغل اول اسبوعين. نرسل استفسارات عشان نكمل الشغل يردون علينا بعد يومين او ثلاثه مو عمليين ابدا، ولما وريناهم الشغل بعد ما خلصنا توهم يتذكرون يورونه الموظفات اللي بيستخدمون الداتابيس مستقبلا وزادوا تعديلات (كان اخر اسبوع بالتدريب وبسبب هالشي اضطرينا نزيد اسبوع لان الشغل ماخلص) بالمختصر تجربة سيئة وضغط نفسي ما انصح اي احد يتدرب عندهم لان ما بيستفيد اي شي,لا يوجد,لا أحد,,لا,,
03/04/2022 17:09:30,شركة زين,شهرين,لا,متدربة في قسم ERP ، التيم متساعد بس مايعطونك شغل بعذر انه فيه سرية للمعلومات وماتقدرين تشتغلين عليها فقط تشتغلين مع موظفين وتكونين بس مستعمة وهم اللي يشتغلون ،السيستم ممنوع تفتحينه بجهازك تقدرين تشوفينه بجهاز احد الموظفين باختصار مجرد متطلعة ماتسوين شي .. انصح فيها للي يبي يعدي التدريب وبس وما انصح فيها للي يبي يستفيد,لايوجد,لا أحد,,نعم,,
03/04/2022 17:22:20,عمادة البحث العلمي جامعة الأميرة نورة,شهرين,لا,مافيه مسمى وظيفي 😂 ما اعرف ايش هو القسم حتى ولا فيه تيم تدربت انا وصاحبتي هناك وليتنا استخرنا قبلها خلونا نسوي ٢ داتا بيس ومعاها فورمز عشان يعبون بيانات طبعا كل الشغل علينا مافيه اشراف ولا احد يعلمك ويشرح لك الشغل انتي تبحثين وتتعلمين وتسوين كل شي بنفسك بس هم يطلبون ويقولون لك وش تسوين حتى ليتهم يقولون وش تسوين غير انه قضينا تقريبا شهر على التعديلات وبال يالله يردون عليك وواضح انهم استغلالين يبونك تسوين لهم كل شي بدون ما يدفعون شي بالمختصر تجربه سيئة ما انصح فيها ابد ,لا يوجد ,من سيتدرب بعد مستوى ثامن,انصح التدريب بشكل عام يكون بترم لحاله بدون دراسه او معاه مادة واحد للتفرغ النفسي والجسدي وكل شي ,لا,,
03/04/2022 17:45:47,سابتكو,شهرين,لا,متدربة في قسم التطبيقات، اهم المهام هي اختبار نظام للعثور على المشاكل ,لا يوجد ,كلاهما,,نعم,,
14/04/2022 16:13:13,.,اكثر,لا,.,لا يوجد,لا أحد,,لا,,
06/07/2022 16:08:54,جامعة الملك سعود ، قسم وحدة الشبكات ,شهرين,لا,مهندسة شبكات ،  كان بوحدة الشبكات ماكان في متدربات معي كنت لحالي ، الشغل عبارة عن اطلع لبلاغات الموظفات عندهم مشاكل بشبكة الانترنت ، تحول لي مشرفتي البلاغات واخذ لابتوب اسلاك الخ ، واروح اشوف وافحص وازين واحط وكله احاكي مشرفتي عادي وتتجاوب معي بشكل جميل  .,لا يوجد,من سيتدرب بعد مستوى ثامن,انصح فيها الي يبي تدريب خفيف ، لان في وقت كثير جالسه فيه لاني ماعرف متى ووين بتجي البلاغات ، ف حلو ذا الوقت استغله ب اي شغله عندي دورات اتعلم اي شي ، وللمعلومية ماكان لي مكتب خاص فيني كنت اجلس بمكان بالمبنى٢٢ فيه جلسات  فوق وبس.,لا,,
10/08/2022 16:22:07,سدايا,٣ اشهر,لا,اشتغلت في اداره الحوسبة السحابية في قسم اداره الخدمات تجربتي معهم بشكل عام اقيمها ٥٠٪؜ . عادية جداً الى حد ما مدري ممكن انا دخلت بحماس كبير وانصدمت بالواقع عموما طوال فترة تدريبي كانت تجيني تاسك الى ٢ تاسك بالأسبوع طبعاً بعد ماانشب لهم يعني اقدر اخلص التاسك الواحد بساعه او ساعتين باليوم وباقي الوقت؟ فرااااغ. لكن التاسك نفسها للامانه تعجبني وفي مجالي خلوني اشتغل على نظامهم واخذ داتا حقيقه واحللها في اكسل وكانو فعلا يعتمدونها بعد مايراجعونها فشعور حلو على الاقل اعرف انهم مايسلكون. موظفينهم محترمين ماحصلت منهم شيء يضايق متعاونين صح شوي ,لايوجد,كلاهما,التدريب يختلف من شخص لشخص فيه متتدربين معي حصلو شغل اكثثر مني وفيه اقل الموضوع يرجع للموظف والاداره. + البيئة مختلطه ومن الدرجه الاولى الرجال والبنات مكاتبهم جنب بعض مافيه فصل ابغى اكتب هالملاحظه لاني ماكنت ادري ان الموضوع من قبل.,نعم,,
14/08/2022 20:39:45,نجم لخدمات التأمين ,شهرين,لا,"القسم الي تدربت فيه IT ،مسمى الوظيفي ""اخصائي دعم وخدمات تقنية المعلومات "" صراحه التدريب كان مره حلو والتيم الي معي يساعدون مره اشتغلت تقريباً نفس شغلهم،  بالقسم الدعم الفني بختصار هو ان تحل اي مشكله تقنيه تواجهه الموظفين سواء عطل بالجهاز تعليق…",لايوجد,من سيتدرب بعد مستوى ثامن,,نعم,,
22/08/2022 01:41:59,ارامكو السعودية,شهرين,لا,تدربت في قسم منع الخسائر بجدة، القسم أبدًا مو IT وكنت لوحدي فيه بس اعطوني تاسكات نوعًا ما ناسبت مجالي، اشتغلت على تاسكات تسهل طريقة شغلهم وشيء يستفيدون منه، كانوا متعاونين جدًا وتعلمت منهم كثييير ,3500,كلاهما,ضروري تثبتون لهم انكم شغيلين ومو جايين للاسم بس عشان يعطونكم شغل ومايسحبون عليكم ,نعم,,
27/08/2022 02:50:22,King Fahad Medical City,شهرين,لا,"متدربة,قسم تقنية المعلومات,متدربات بنفس جامعتي,تصميم ويب سايت باستخدام لغة سي شارب و اس كيو ال سيرفر مانجمنت ستوديو",لا يوجد,كلاهما,يوجد تدريب حضوري بالرياض و تدريب عن بعد انصح فيه وبشدة  التدريب متعة وفائدة اكثر مما انه متطلب استمتعوا وموفقين جميعا لا تنسوني من الدعاء اختكم في الله ندى القرني,نعم,,
30/08/2022 06:19:11,نجم لخدمات التأمين,شهرين,لا,أخصائي أمن سيبراني ، قسم الأمن السيبراني ,لا يوجد,من سيتدرب بعد مستوى ثامن,,نعم,,
04/02/2023 18:15:21,وزارة الاتصالات وتقنية المعلومات,٣ اشهر,لا,إدارة الأمن السيبراني، كان التدريب مثري جدًا ويعكس طبيعة العمل الحقيقية في المجال، الفريق والبيئة رهيبة جدًا، والاجتهاد مطلووب,لا يوجد,من سيتدرب بعد مستوى ثامن,-,نعم,,
20/03/2023 17:15:00,a,شهرين,نعم,a,a,لا أحد,a,نعم,,
05/04/2023 14:41:35,ارامكو,شهرين,لا,كويسه,ايوا,كلاهما,,نعم,,
11/04/2023 04:50:44,المدفوعات السعوديه ,اكثر,نعم,Business analyst,4000,من سيتدرب بعد مستوى ثامن,,نعم,,
11/04/2023 05:01:30,علم,اكثر,نعم,محلل أعمال، مطور شغلونا على مشاريعهم الحالية وكانوا داعمين لنا طول الوقت,3000,كلاهما,عندهم أقسام نسائية لكن الاجتماعات غالبا مختلطة أو اونلاين ,نعم,,
11/04/2023 13:46:59,مدينة الملك عبدالعزيز للعلوم والتقنية - كاكست,شهرين,لا,"تدربت في قسم علم البيانات والذكاء الاصطناعي، اشتغلت مع مشرفتي على مشروع كمبيوتر ڤجن، كنت المتدربة الوحيدة مع مشرفتي فكان الوضع مرن وكانت تسألني اذا ابي تعطيني لكتشرز ولا بس اشتغل واخترت لكتشرز وكانت مفيدة جدًا.
البيئة غير مختلطة الى حد كبير، ساعات الدوام مرنة جدًا ولا يوجد بصمة او اي طريقة تحضير",لا يوجد,كلاهما,,لا,,
11/05/2023 00:40:23,سدايا,٣ اشهر,نعم,"مكان التدريب: قسم الدراسات
طبيعة التدريب:
 التدريب كان متنوع نوعا ما ويعطونك من الشغل والمشاريع الي يشتغلون عليها واغلبها مع شركات عالمية. اشتغلت على إدارة المشاريع – تحليل الاعمال – تحليل البيانات 
 كل متدرب راح يكون مسؤول عنه موظف واحد وراح تشتغلون في تيمات مختلفة في رأيي فرصة حلوة عشان تتبادلون خبرات. 
المتدربين لازم يحضرون اجتماعات القسم ويشاركون فيها, بس حضور ورش العمل والفعاليات كان اختياري لكن كلها ممتعة جدا.
بناء على طبيعة عمل المشرف ممكن تحتاج تداوم كم يوم ف أماكن مختلفة زي توكلنا او أي جهات تابعة لسدايا 
الإيجابيات: 
بيئة العمل مريحة على الرغم من انها مختلطة وكل متدرب له مكتب خاص فيه تحس كأنك موظف مو متدرب
ساعات عمل مرنه, ماكانوا ياخذون حضور وغياب بس اهم شي تنجز شغلك وتطلع
الجميع خلوقين وسلسين في التعامل وودهم يفيدون المتدربين بأكبر قدر ممكن 
وفي إيجابيات كثيير بس ماقدر اذكرها كلها راح تعرفونها اذا تدربتوا هناك 😊
",لايوجد ,من سيتدرب بعد مستوى ثامن,خذوا التدريب في اخر مستوى بدون مواد وكونوا متفرغين له تمامًا لأنه راح يهيئكم لسوق العمل وبتقدرون تنتقلون لوظيفتكم الاولى بكل سلاسة ,نعم,,
17/09/2023 11:18:59,Tatweer Educational Technology ,اكثر,نعم,"اشتغلت كمطور تكامل في مجال الواجهات 
التيم كان ممتاز جدا
شغالين على مشروع كبير جدا ",1500,من سيتدرب بعد مستوى ثامن,,نعم,,
14/10/2023 12:18:59,جاهز,٣ اشهر,نعم,Business analyst ,2500,من سيتدرب بعد مستوى ثامن,,نعم,,
14/10/2023 12:39:22,KACST,شهرين,لا,Cybersecurity trainee ,لا يوجد,لا أحد,المدينة اغلب شغلها بحوث خلال التدريب بديت مع احد الدكاترة بحث علمي فلي يبي يكمل دراسته يكون خيار مناسب ,نعم,,
14/10/2023 18:54:28,STC HQ,اكثر,لا,IT PROJECT MANAGER trainee مافيه بوزشن واضح يحطونك بأي مكان ,5700,من سيتدرب بعد مستوى ثامن,مهارات التواصل اهم من شغلك اللي تنجزه,نعم,,
10/11/2023 14:48:49,المدفوعات السعودية,اكثر,نعم,تجربة جميلة جداً ومثرية,4000 شهريا,من سيتدرب بعد مستوى ثامن,,نعم,,
05/12/2023 11:12:09,تحكم,٣ اشهر,نعم,"تدربت ك Test Engineer تحت مسمى Coop trainee

اول كم اسبوع ما كان فيه شغل بعدين بدينا ندخل في مشاريع الشركة، التدريب كان ممتاز لانك تشتغل كموظف وتيم التيستنق رهيبين ومتعاونين جدا.",2000,من سيتدرب بعد مستوى ثامن,بالنسبة للاختلاط يعتمد على مكان مكتبك احيانا من كثر الزحمة يحطون بنات في اماكن العيال,لا,,
14/12/2023 18:07:15,عمادة البحث العلمي بجامعة IAU,شهرين,لا,قسم التسويق.. كل المتدربين هم طلاب جامعتنا والبقية متطوعين من جامعتنا ايضا، يوجد موظفة واحدة تخصصها حاسب ,لا يوجد,لا أحد,لا أنصح بالتدرب لديهم، جهة التدريب تستغل الطالب والمتطوع اصلا لا يوجد لديهم موظفين لذلك يستغلون الطلاب وحتى الشهادة الا يعطونك اياها شهادة ممزقه ولا يوجد بها لا توقيع ولا ختم ومكتوب فيها شكرًا 🙂.. ,لا,,
15/12/2023 05:11:27,عمادة البحث العلمي بجامعة IAU,شهرين,لا,قسم التسويق.. كل المتدربين هم طلاب جامعتنا والبقية متطوعين من جامعتنا ايضا، يوجد موظفة واحدة تخصصها حاسب ,لا يوجد,لا أحد,لا أنصح بالتدرب لديهم، جهة التدريب تستغل الطالب والمتطوع اصلا لا يوجد لديهم موظفين لذلك يستغلون الطلاب وحتى الشهادة الا يعطونك اياها شهادة ممزقه ولا يوجد بها لا توقيع ولا ختم ومكتوب فيها شكرًا 🙂.. ,لا,,
03/01/2024 17:58:26,مستشفى الملك خالد الجامعي بالرياض,٣ اشهر,لا,طبعا كنا ٥ عيال التدريب كان من نفس الجامعة عرضت علينا التدريب وقالوا بياخذون اعلى معدلات بيننا على اساس اننا بنشتغل في قسم IT لكن اشتغلنا مدخلين بيانات على نظام SAP الصراحة ما انصح بالجهة لانها كانت ممله ولا راح تعطيك الخبرة,شهادة شكر فقط,لا أحد,,نعم,,
08/01/2024 21:10:56,ت,شهرين,لا,ت,ت,لا أحد,ت,لا,,
09/01/2024 05:19:27,مدينة الملك فهد الطبية,شهرين,لا,مطور تطبيقات الويب ، قسم تقنية المعلومات ، التيم عبارة عن متدربين من مختلف تخصصات الحاسب ، المشروع الي اشتغلت عليه عبارة عن عمل موقع بلغة سي شارب ,لايوجد,لا أحد,لا انصح بالتدريب في هذة الجهة كون ان التدريب لا يناسب مخرجات طلاب الحاسب ولا يوجد خطة دقيقة للتدريب بالاضافة الى ان عدد المتدربين جداً كبير ف مافي تركيز او تطوير ع عالصعيد الشخصي ,نعم,,
26/01/2024 05:11:14,Mobily ,اكثر,لا,"اشتغلت على Power PI, SQL.",2500,من سيتدرب بعد مستوى ثامن,,نعم,,
04/02/2024 21:42:46,hh,شهرين,لا,f,re,كلاهما,,لا,,
21/02/2024 13:45:57,الإلكترونيات المتقدمة,٣ اشهر,نعم,"اشتغلت كمهندس برمجيات في قسم الهندسة و التطويرE&D التيم رهيب يحبونك تسأل و يساعدون بشكل حلو حتى الي برا المبرمجين كانو يساعدوني في كل شي نصايح حتى انهم دفوني على الادارة عشان اتوظف ف الصراحة الله يوفقهم جميعا بتلقا فرق بينهم اذا اشتغلت معهم فيه الي يبيك تفهم و وفيه الي يحب يتفلسف بس ذولي قلييييل يمكن واحد او اثنين 
الفرق بينك و بين الموظف حرفيا البطاقه يعطونك تاسكات لين تشبع بتتعلم كثير و بسرعه معهم فا حاول تستغلهم معرفيا",3500,من سيتدرب بعد مستوى ثامن,,نعم,,
10/05/2024 12:21:04,هيئه السوق الماليه ,شهرين,لا,"تدربت بقسم أداره امن المعلومات تحتها فريقين GRC & SOC  ب GRC  تدربت اني اكتب السياسات واراجع سياسات تتعلق بالامن السيبراني داخل الهيئه وخارجها . بالنسبه SOC   اشتغلت معاهم شغل حقيقي من ناحيه spam and phasing and email relase  وغيرها من المهام اللي تتعلق فيهم بالنسبه لي مهام ال SOC   كانت حلوه لانه تشتغل شغل حقيقي عكس ال GRC اللي كله سياسات ومرتبط مع اشياء اخرى غير الحاسب .
بالنسبه GRC  مافس شفل كثير ومهامه محدوده  .بس SOC  في مهام كثيره ورح تتدرب وتستفيد بشكل كبير",2000 للشهر اذا ماغبت ,كلاهما,"مكاتب البنات منفصله عن مكاتب الرجال 
بس وقت الاجتماع فيها اختلاطات ",نعم,,
24/05/2024 21:46:03,Sabic,شهرين,لا,قسم ERP ما اعطونا صلاحيات لكن كانوا يطلعون بيانات الموظفين و يطلب منا المدير نسوي تقرير على حسب اذا يبغى يشوف الكلاسيفيكيشن للقسم هذا او الي جاء عليه اوفر لود اكثر مين من الاسماء و كيف نحسن القسم و موظفيه -,3500,من سيتدرب بعد مستوى ثامن,,نعم,,
25/05/2024 00:16:35,الكراج,شهرين,لا,باك اند وكان الشغل لحالي اشوف دورات على سطر وغيره واسوي بروجكتك كبير بالنهايه ,لايوجد,من سيتدرب بعد مستوى سادس,تدريبهم فادني بس موب مره خلوه اخر خيار,نعم,,
25/05/2024 00:31:10,STC,٣ اشهر,لا,كان مسماي الوظيفي Application performance تحت قسم Operation الشغل عبارة عن تحليل اداء KPI's بس للأسف على وقتي كان التيم حقي مشغول عني فما أخذت حقي كامل بالتدريب,لا يوجد,من سيتدرب بعد مستوى ثامن,,نعم,,
13/06/2024 21:37:22,جامعة الملك فهد للبترول والمعادن,٣ اشهر,لا,تخصصي برمجة تطبيقات والاجهزة الذكيه ،تدربت في قسم  System ،كان التدريب حلو في ايام اداوم بدون ما اسوي شي والسبر فايزر كان يحاول يعطيني اشياء في تخصصي,لايوجد,كلاهما,,نعم,,
02/07/2024 16:40:04,MEWA | وزارة البيئة والمياه والزراعة,شهرين,نعم,تدربت بقسم حوكمة تقنية المعلومات حلو صراحه اشتغلنا على مشروع cmmi و iso اكثر من فئه وعطوني مهام تحليل للسياسات والاجراءات بادارة تقنية المعلومات والتحول الرقمي وعطوني بوزشنز تقنية اسوي لها وصف وظيفي ووش تحتاج شهادات خبرات مهارات … ، بيئة العمل مره حلوه ,لا يوجد,كلاهما,المكاتب ماهي مختلطه البنات لهم قسم مكاتب خاص مقفل تاخذون راحتكم بس عموم الاجتماعات وكذا مختلطه ,نعم,,
16/08/2024 21:52:27,KACST,شهرين,لا,معهدالذكاء الاصطناعي والروبوت -اشتغلت على البحث و بناء deep learning models في مجال الطاقة - ماكان معي تيم كل متدرب مع مشرفه,لايوجد,من سيتدرب بعد مستوى سادس,نسبة التوظيف بعد التدريب 0% وجودة التدريب تختلف من مشرف لمشرف ومن معهد لمعهد ,لا,,
16/08/2024 22:09:59,لين لخدمات الاعمال,اكثر,نعم,"ML Engineer , Data department, تيم مكون من ٥-٦ اشخاص
نصهم سينير ونصهم توهم متوظفين - يتدربون 
التدريب ٦ اشهر وعرضو علي تمديد للIntern
دخلت معهم بالشغل مباشرة ويعتمدون على شغل المتدربين على طول 
خفيفين دم واذا سألتيهم يجاوبون 
المكان في الرقمية - المواقف مثل ما تعرفون سيئه بس لين موفره نقل ترددي (باصات) من يووك او ذا زون
المكان كبير وكويس والاغلب الموجودين في لين صغار - انترن

التوظيف عاى حسب توفر البوزشن (وممكن على حسب استحقاقك وسنع مديرك اذا بيراكض وراك او لا) بس الغالب بعد سنه يمكن يوظفونه

المتدربين الكووب على وقتي ما يعطونهم اجهزه هذي كانت المشكله الرئيسيه حيث ان الفايلز حقت المدودلز كانت كبيره مره وجهازي ما يتحمل بس اظن الحين صاروا يعطون احهزه 

المكان كويس بشكل عام وممتاز للي يحتاج intern يقدر يطلع بس باشعار اسبوعين فحلو طقطقه وقت قبل تلقون وظيفتكم - الصدق عن نفسي كنت متوتره من سالفه التوظيف فما حرصت اتوظف عندهم ولا اعلق نفسي تحتهم 

بس مكان كويس والمبنى شرح ووسيع صدر
افضل تتدربون اخر سنه او اذا ناوين ترجعون لهم - او تكملون وانتم تدرسون خيار كويس

فيه يومين الى اربع ايام اونلاين مره رهيبه

وبين عقد الكووب والانترن تقدرون تاخذون اجازه بالمقدار الي تبونه",3000,من سيتدرب بعد مستوى ثامن,,نعم,,
17/08/2024 01:36:44,Cisco,اكثر,لا,كان جزء من برنامج apprenticeship لمدة سنة من كنت ادرس بالجامعة جتني الفرصة عن طريق مسك ، بالبداية كانوا مخليني على راحتي بس عطوني ccna bootcamp و soft skills bootcamp وبعدين لمن خلصت الاختبارات النهائية بديت معاهم مشاريع مع منتور بس مو مرة يعطون شغل يبي لك تلاحقين وراهم بس بشكل عام المكان حلو والتعلم اشوفه ممتاز ,نعم يوجد راتب ويسجلونك بالتأمينات ,من سيتدرب بعد مستوى ثامن,,نعم,,
17/08/2024 02:39:02,Pwc,شهرين,نعم,Technology consultant ,4000,من سيتدرب بعد مستوى ثامن,,نعم,,
17/08/2024 10:38:40,سابك,٣ اشهر,لا,"cybersecurity assurance trainee 
التيم متعاون ويساعدونك قد ما يقدرون ويعطونك اشياء تسوينها كانك موظفة لكن اللي تبغى تدريبها يكون تيكتكال ما بيناسبها ",يوجد مكافاة ,من سيتدرب بعد مستوى ثامن,تجربتك تختلف عن تجربة غيرك لا تحكمين على تجاربهم انا ما مدحوا لي التدريب بسابك لكن تجربتي كانت مختلفة وانبسطت بالتدريب صراحة ,نعم,,
17/08/2024 13:53:29,شركة تحكم,٣ اشهر,لا,دخلت كمحللة اعمال و كان عندنا مشروع من عندهم وكان على عدة مراحل ، طبعاً قاعدين نحاكي شغل محلل الاعمال بشكل عام ، لحد الان مادخلوني بمشاريع حقيقيه,2000,من سيتدرب بعد مستوى ثامن,البيئه شبه مختلطه,نعم,,
17/08/2024 17:02:58,sirar by stc ,اكثر,لا,"تدربت في قسم عمليات الامن السيبراني المدارة MSS-OPS حالياً يسمى بالcyber resilience، القسم يوفر حلول امنيه للعملاء كblue team زي ال web security, vulnerability management, email security, awareness campaigns, anti-DDoS. التيم متعاون جداً وفيهم ناس خبرة بيثرونكم ويدعمونكم وبشكل عام البيئة ممتازه. التدريب ما يقبلونكم اذا اقل من ٦-٨ شهور عشان كذا لا تتدربون الا بعد المستوى الثامن عشان يمديكم تكملون الفترة. ",لا يوجد، بس جربوا حظكم لأنهم زمان كان يعطون,من سيتدرب بعد مستوى ثامن,نصيحة راجعوا مواضيع الشبكات والامن السيبراني قبل المقابلة الشخصية اذا بتقدمون على نفس القسم. اهم شيء الشبكاات. وترا يركزون على لغتكم لأنكم بتشتغلون مع ناس من جميع الجنسيات. ,نعم,,
18/08/2024 19:57:21,منظار ,شهرين,نعم,اول شيء اشتغلت تحت مسمى مطور وبرمجت باستخدام فلاتر ثم بديت أساعدهم باشياء ثانيه زي التستنق وغيره وآخر الأسابيع اشتغلت كمساعد مشروع ,لا يوجد,كلاهما,من ناحية الشغل والتطور المهني فهم جيدين وحريصين تتطور بس البيئة حقيقة شينه شوي لأنهم يدخنون ,نعم,,
18/08/2024 23:39:29,Devoteam,اكثر,نعم,"Data Engineer, تدريبي عباره عن برنامج يمتد ل6 اشهر حيث فيه اهداف لازم احققها من شهادات او اسايمنتس معينه واشتغلت كمهندس بيانات بالبدايه كان لازم اجتاز بعض الدورات المتعلقه بالبرمجه وحوكمة البيانات بعدها دخلت مشروع يركز على الذكاء الاصطناعي والبيانات الضخمه اشتغلت على جودة البيانات على برنامج informatica وايضا اشتغلت على ETL و data cleansing and   profiling وايضا البرمجه بلغه sql وبايثون 
البيئة جدا متساعده وخبراتهم عاليه ",3000,من سيتدرب بعد مستوى ثامن,كونها شركه استشاريه الدوام يكون بمقر الكلاينت,نعم,,
20/08/2024 16:55:52,شركة عدسة منظار التقنية Minthar,شهرين,نعم,في البداية كنت تقنية او مطورة بعدين تغير مسماي إلى مساعدة مدير المشاريع التقنية وحرفيا جربت واشتغلت بكل شي من بداية التحليل feaure analysisi and requirment analysis بعدين التصميم UI/UX وكل SDLC اليي هي نفس حقت أجايل اللي في مقرر هندسة البرمجيات تحليل، تصميم، تنفيذ\برمجة واختبار وصيانة سوينا كل شي وبعدها خلوني اسوي مقابلات مع HR وكمان اسوي اختبارا للمتقدمين وتعلمت عن API واجهات باستخدام swagger وصرت خبيرة في jira تراه مهم ي بنات كثير شركات يتعمدون عليه وبعد تعلمت على منصة upWork وهي منصة عمل حر freelancers وكيف اقدم فيها واضمن الجهات تاخذني وكذا وبعد عن BitBucket واللي هو يشبه Git و Github ودخلت حتى التصميم للشاعارات واللوقو على Figma وبعد تعلمت عن Access control المميز في الشغل في start up خاصة منظار انهم يعطونك فرصة تجربين كل شي واي شي وبعد يتعمدون عليك يعني يعطونك شغل هم يستخدمونه مباشرة وعلى طول تدخلي بالشغل الجدي وبعد يعطونك الثقة بس للاسف م يلتزمون مرة بالخطة ومرة ما كانوا يهتمون اذا انا حققت متطلبات خطة الجامعة او لا وتدريبهم اغلبه انتي روحي دوري واكتشفي بنفسك يعني كان صعب بس مرة واقعي، أغلبهم كان صغار بالعمر يعني عشرينات او اوائل الثلاثين الصدق الاغلب عشرينات وم عندهم خبرة واجد وتحسين انك قاعدة تتعلمين معاهم يعني كانه انتي ومشرفك تكتشفين ذا الشي كيف يصير سوا وطبعا يحاولون يكرفونك لاخر قطرة لذا لازم تتعلمي ترسمي لك حدود وهم مرة يحترمون اللي تحط حدود ولا يتعدونها يعني كانوا محترمين من ذي الناحية لكن يدخنون في المكتب واجد وذا سبب لي ازمة الصدق ولكن خطوات القبول عندهم سريعة مرة وعادي اي احد يجي.,لا يوجد,كلاهما,,نعم,twitter-X: @EsraaAlhasanx,
23/08/2024 17:44:48,.,اكثر,لا,.,.,لا أحد,,نعم,,
24/08/2024 13:29:36,برنامج الخدمات المشتركة,شهرين,نعم,"في ادارة المشاريع التقنية وكانت تجربة فريدة ورائعة 
الموظفين متعاونين بشكل رهيب",3000,من سيتدرب بعد مستوى ثامن,,نعم,,
24/08/2024 15:26:17,وزارة الدفاع,شهرين,لا,راح تستفيد جزئيًا وبتحتاج اجتهاد من عندك عشان تستخرج معلومات أكثر ، بس عمومًا الوقت اللي بتقضيه مع نفسك بالتعلم الذاتي خلال وقت الدوام ثمين وأكثر شيء وبيفرق معك لو استغليته,لا يوجد,من سيتدرب بعد مستوى سادس,,لا,,
24/08/2024 15:32:11,سابك,٣ اشهر,لا,قسم IT مانشتغل على مشاريع ك مبتدئين لكن اشتغلنا على نظامهم المستخدم,3500,من سيتدرب بعد مستوى ثامن,https://t.me/sabic_coop/1722 قروب التدريب تيلقرام بالمثبته موجود كل شيء للاستفسار,نعم,,
24/08/2024 15:39:27,هيئة الاتصالات وتقنية المعلومات والفضاء,شهرين,لا,"كانت تحت قسم التقنيات الناشئة بالهيئة مختصة باصدار التصريحات والانظمة اللي تنظم أي تقنية ناشئة بالمملكة بحيث يكون فيه مرجع لأي شركة او جهة حكومية بتتبنى التقنيات مثل( انترنت الاشياء،الذكاء الاصطناعي،البلوك تشين، VR والميتا فيرس)
العمل جيد بس مافيه تيكنكال ابد فقط نظري وتنظيمات وتعديلات ",3500,كلاهما,,نعم,,
24/08/2024 17:31:14,تحكم (المسؤولة عن نظام ساهر),اكثر,لا,"قسمين:
- الذكاء الاصطناعي:
عطوني مشروع اختباري لفكرة واذا بالنهاية كانت الفكرة جيدة والنتائج جيده/ممتازة يعرضونها على الناس. يسمحون لك اكسس على السوبر كومبيوتر حقهم، وهناك ملفات ارشادية لاستخدامه. مشرفي المباشر للصراحة كان شوي صعب التعامل معه وعدم مراعي قليلا لكوني جديد علي نظامهم وسوبر كمبيوتر معقد كاول مره تدخل عليه وكان يتوقع مني البيرفكت لان هو ما شاء الله عنده معرفه واسعه وكبيره. لكن تعلمت الكثير منهم، خصوصا لديهم كل اسبوعين تقريبيا سشن لنقل الخبرات واخذ فكرة عن مشاريع مقامه.    

- قسم تطوير حلول:
بمسمى  intern software developer، فرونت اند باستخدام angular. مشرفة المباشرة كانت جدا رائعه دربتنا على مشروع خارجي ثم دخلتنا مشروع فعلي لهم. (لو كان لك خبره تدخل معهم مباشرة) تستخدم حقيقي git  على fork, bitbucket. تدخل مع التيم الكامل للقسم قناة تيمز وتشات الخاص بالمشروع. يسوون لك ريفيو وأنت ايضا تسوي لهم حتى لو سينور يشجعونك انك تعلق حتى اكثر خبرة احيانا يخطي او ما يستخدم الطريقة المثلى. ",2000,من سيتدرب بعد مستوى ثامن,البيئة جيدة الكل يحب يتعرف على المتدربين فجيد جدا للتعرف وتكوين العلاقات وايضا فعاليات المقامة بالمقر جميله وتجدد الطاقات. للآسف يطولون على ما يصدرون لك شهادة اتمام تدريب، ايضا تاخير بعرض الوظيفة. يعرضون الوظيفة بعد ثلاث أشهر تقريبا الى اكثر من انتهاء التدريب وانا توني منتهيه منهم. كثير متدربين توظفو عندهم، اما بالنسبة لي انا تدربت عندهم مده طويله ولا ارى نفسي اكمل معهم بسبب طول المده مع انهم جدا ممتازين. بدات وظيفتي بجهة اخرى واسال الله التوفيق لي ولكم.,لا,,
24/08/2024 22:36:19,الدرع العربي للتامين التعاوني ,شهرين,نعم,بشكل عام فيه جميع الاقسام و تختار اللي يعجبك و تروح فيه و قسم مختلف للسايبر و بالنسبة لي اشتغلت اكثر شيء على حوكمة قسم الـIT ,لا يوجد,من سيتدرب بعد مستوى ثامن,,لا,,
25/08/2024 07:46:52,صندوق التنمية العقارية ,شهرين,نعم,كنت في قسم التحول الرقمي التيم كانو ممتازين لكن ماكان فيه شغل لمدة شهر لين لقى لي احد الموظفين موظف يشتغل ذكاء اصطناعي وكلنه يشغلني معه ودعست معه لبن عرضو وظيفة لكن كان معي حول 8 متدربين كانو قاعدين فاضين فالغالب مب مكان تتدرب فيه لكن فيه فرصة هناك,لا,لا أحد,,نعم,,
25/08/2024 08:15:46,هيئة الغداء والدواء,شهرين,لا,كنت front-end devloper ، تدربت في قسم التحول الرقمي ، المشرف والقسم كانوا متعاونين جداً ، طورت مكتبه UI تمثل هوية الهيئة يستفيدون منها المطورين,لا يوجد,من سيتدرب بعد مستوى ثامن,,نعم,,
25/08/2024 14:35:45,TCC (Technology Control Co.),شهرين,نعم,المسمى كان عام شوي “COOP” لان انت بعدين تسوي لك خطه تدريب مع مشرفك هناك وتقسم الخطه لو تبغى مثلا شهر من قسم كذا او وحده كذا وشهر مع وحده او قسم مختلف وبحكم انها شركة تقنيه ف الأقسام التقنيه مفصله مو بس قسم IT وانتهينا لا ،، أنا اشتغلت بقسم Security Services كان شهر مع GRC وشهر مع DFIR ، الشركة مافيها متدربين كثير لان التدريب عندهم فقط ترشيح داخلي ، الشركة شبه حكوميه ومملوكة لتحكم الاستثماريه اللي تابعه صندوق الاستثمار السعودي وشركة قوية وشغالة ع أنظمة مثل نفاذ وغيره ، شغلهم ما كانوا يمسكوني شغل حقيقي غالبا لكن كان زي التاسك هم قبل اشتغلوها ويراجعون معي شغلي مقارنه بشغلهم قبل وهكذا ، التيم كنت المتدربه الوحيده معهم كان في وحده معي من سعود لكن تبع وحده مختلفه ,3000,من سيتدرب بعد مستوى ثامن,أنصحكم فيها لو الاختلاط مو مشكلة عندكم خصوصا البنات لان المكان اغلبه رجال والمكتب متلاصقه ، لكن في مكاتب منعزله نسائيه لكن ما انصح فيها خصوصا لو متدربه لان لازم تكوني مع التيم تحت وتحت عين المشرف ,نعم,,
25/08/2024 14:44:20,بنك الانماء,شهرين,لا,ما فيه مسمى تدريبي، تدربت في قسم shared services ، ما كان فيه مهام التدريب بس برزنتيشن ومهام بسيطة جدا sql query، ما أعطونا أجهزة عشان نبدأ نتدرب معهم ما انصح في التدريب معهم إلا لو كنتوا تعرفون مين المشرف اللي بيمسكك وسمعت عنه انه يعطي مهام ومتعاون معكم، تجربتي ما كانت جيدة التدريب في الجامعة متاكدة انه بيكون افضل كتجربة وخبرة ولكن كأسم البنك افضل,لا يوجد,لا أحد,مختلطة ولكن فيه مكاتب مغلقة مخصصة للنساء ,نعم,,
25/08/2024 15:07:16,NCGR,اكثر,لا,كنت ضمن فريق data migration ، طوال الست اشهر كان الفريق مشغول بمشروع ومحد فاضي يدربني ومافي شغل واضح ، اذا ماركضت وراهم مايعطونك شي ولا كأنك موجوداصلاً ,يوجد مكأفاة ٣٠٠٠ ريال ، اعطوني اياها اول شهر بس وسحبو بقية الاشهر بحجة انه في مشكلة بالنظام، وبعد خمس شهور نزلوها دفعة وحدة بس ناقصة مو حقت ٥ شهور كاملة ، وللآن انتظر باقي المبلغ,لا أحد,بعد ماخلصت المشرف حق القسم توسط لي بالتعاقد مع شركة وفعلاً كلموني وتوظفت عندهم .,نعم,,
25/08/2024 20:34:17,SharedTech,شهرين,نعم,"Web Developer , اشتغلت على Drupal و PHP",لا يوجد,من سيتدرب بعد مستوى ثامن,صراحة متعاونين جدا والبيئة جدا ممتازة ,لا,Twitter @OffSuliman1,
04/09/2024 15:18:21,Master Works,اكثر,نعم,"المسمى بالتدريب كان Data Governance Analysis  البيئة محفزه وداعمه جدا ويسعدونك بكل شيء تحتاجه و اذا برزت تأكد انهم بيعطونك عقد وظيفي , اتشغلت في مشروعين مطارات الرياض و هيئة المدن والمناطق الاقتصادية والخاصة , التيم في الجهتين كلها كانو متعاونين معنا جدا ويساعدونا بكل شيء وخبرتهم الاغلب بتلقى اثنثن الى ثلاثة خبرتهم من 6 الى 10 سنوات الباقي بحدود 3 الى 6 سنوات عموما الفايده اللي بتطلع راح تكون كبيره ان شاء الله.",لايوجد,من سيتدرب بعد مستوى ثامن,اكبر ميزه بالشركة الخبره اللي تقدمها للمتدربين شيء اكثر من كافي كل مشاريعهم حكومية عندهم اكثر من 300 مشروع حكومي و شبه حكومي تقريبا 60 شغال في الوقت الحالي يعني لو بغيت تغير مجال تخصصك بالتدريب راح يتعاونون معك و بتلقى المشروع اللي بتخصصك هذا اكيد.,نعم,,
05/10/2024 13:54:38,PwC,اكثر,نعم,"مسماي الوظيفي هو: متدرب استشارات تقنية. 
القسم هو استشارات، المجال هو حسب المشروع الي تنحط فيه، للاسف ما تقدر تختار، لكن الحل انك تبني علاقات مع مدراء تحبذ انك تشتغل معهم 

 انا كنت حريصه اني اشتغل في مشاريع إدارة واستراتيجية البيانات، ف اضطريت اغير مشروعي مرتين وبكل مره كنت اختار مشاريع البيانات. مره وحده اخترت اشتغل في مشروع تحول رقمي وinnovation. لو ما كنت حريصه كان ممكن انحط كل مره في مجال مختلف ومجال ما اهتم له، عشان كذا مهم تبني علاقات مع المدراء حتى تقدر تتنقل بين المشاريع بسهوله أكثر

غالبًا كل مشروع راح يكون فيه فريق من ٣ - ٦ اشخاص وتايم لاين المشروع الواحد ممكن يكون ٣ شهور ممكن يكون اجل غير مسمى محد يعرف متى يخلص🥹 لكن بشكل عام ك متدرب تقدر تنتقل لمشروع ثاني قبل يخلص المشروع  

فرص التعلم كبيره سواءً في المجال التقني أو على المستوى الشخصي، الexposure الي تتعرض له ك متدرب في شركة استشارية مفييييدد، والسبب يعود إلى أنك تشتغل مع عملاء كثير في وقت جدا قصير، مهم تعرف كيف تتعامل مع العميل وتفهم احتياجاته وتطول بالك معاه. بنفس الوقت بتطلع بعلاقات كثيييرره  

مهم بعد انك تكون انسان مرن ومستعد تتنقل، لان ممكن بأي لحظة يتصلون عليك ويعطونك خبر أنهم يحتاجون شخص في مشروع فلاني

شي تتميز فيه الشركات الاستشاريه، انك ممكن تشتغل على مشروعين أو أكثر في نفس الوقت. ممكن تداوم عند عميل والعميل الثاني تشتغل له ريموتلي، وهذا الشي موجود بكثره وحلو انك تسويها لانك بتتعلم بشكل اكبر، وبتبني علاقات اكثر، وبتترك سمعه زينه مره
",4000,من سيتدرب بعد مستوى ثامن,الشغل دائمًا حسب العميل وحسب الفريق الي تشتغل معه، بيئة الشركة ممتازه لكن يبقى ٥٠٪؜ من التجربة بناء على العميل لذلك ما فيه شي تقدر تستند عليه ,نعم,Linkedin: NoufSulOs,
05/10/2024 15:44:27,تحكم,٣ اشهر,لا,محلل أعمال,2000,من سيتدرب بعد مستوى ثامن,البيئة شبه مختلطة ، يعني فيه ادوار نسائيه بالكامل لكن عادي تشتغلين عن بعد او تحضرين اجتماعات مع رجال,نعم,,
05/10/2024 18:42:06,علم- ابشر ,اكثر,نعم,"مطور مواقع ، التيم جداً متعاون ومريح كان لي مكتب ، اغلب وقتي كنت ادرس والتاسكات كانت تعديلات على المواقع ،وتعلمت على تولز كثيرة جداً . 
",3000,من سيتدرب بعد مستوى ثامن,انصح بالتدريب عندهم ,لا,,
16/10/2024 15:45:26,شركة نظم الخبرات لتقنية المعلومات ,شهرين,لا,كنت متدرب في قسم السايبر، صراحة التدريب كان تسليكي جدا حتى الخطة الي كتبوها ما مشوا عليها وكان ٩٩٪؜ من شغلي بور بوينت و ورد واكسل فالخبرة المكتسبة قليلة جدا بالنسبة لمجال السايبر، اذا تبي فايدة من التدريب فما انصحك تتدرب ,لايوجد ,لا أحد,كان هناك نساء الشركة لكن في قسم خاص.,لا,,
21/10/2024 09:25:21,تمكين للتقنيات,شهرين,نعم,تدربت في Datacenter ونهاية التدريب بدوا يدخلوني على backup,١٥٠٠ للشهر,من سيتدرب بعد مستوى ثامن,البيئة اختلاط لكن القسم اللي اشتغلت فيه للبنات لحال وفيه اقسام اختلاط ,نعم,,
21/10/2024 10:16:49,سابك,٣ اشهر,لا,"تدربت في قسم ال Business Application في مسمى بزنس اناليست واشتغلت على مشروع خاص بسابك 
كانت تجربة جميلة وتفرق التجربة على حسب المنجر اللي بيكون مشرفك ",٣٥٠٠﷼,كلاهما,بيئة مختلطه لكن مكاتب البنات بجهه والعيال بجهه يعني مافي مكتب بنت وولد جمب بعض,نعم,,
21/10/2024 14:57:38,الكراج,٣ اشهر,لا,"اشتغلت بقسم تحليل الأعمال 
الصراحة البيئة تقنية حلوة واشوفها ممتازة لخريجين الحاسب 
وطبعا برضو يعتمد على مشرفك اذا حاب يعلمك او لا 
فنصيحتي اذا حسيت المشرف مو قاعد يعطيك شغل حاول تكلم المسؤول او الليدر انك تبي تغير المشرف 
برضو ترا فيه اقسام كثيرة مثل تصميم الواجهات وتطوير الجوال والتطبيقات",لا يوجد,من سيتدرب بعد مستوى ثامن,البيئة مختلطة في الاجتماعات غالبا ولكن المكاتب معزولة عن بعضها,نعم,تويتر @keephadeel,
02/11/2024 20:41:58,بنك الانماء,شهرين,لا,"UI/UX, كانت التجربة مره رهيبة لانه المديرة حريصه علي الحمدلله",لايوجد,كلاهما,,نعم,0543204795,
03/11/2024 17:01:05,Solutions by stc,٣ اشهر,نعم,"تدربت في قسم Integrated Solutions مديري اقترح علي خطة التدريب اني امر على الأقسام واخذ فكرة عامة عن كل قسم واتابع سلسلة اساسيات الشبكات ccna لانها اساس لاغلب الاقسام الي موجودة بالشركة وفعلاً رتب لي اجتماعات مع موظفين الاقسام، وقال لي واذا فيه قسم مامريت عليه وتبي تاخذ عنه فكرة قل لي وانا بحاول ارتب لك اجتماع مع هذا القسم ، ميزة الموظفين انهم محترفين بمجالهم، استفدت من جلوسي مع الموظفين لكل قسم اني احدد هل هالقسم مناسب لي او لا ثم يوم خلصت من المرور على الاقسام انتهى التدريب طلبت من مديري امدد واني مازلت محتاج اطبق على القسم الي مهتم فيه ومدد لي شهر ثم مددو لي تمهير على نفس القسم الي ابيه 

في نفس مدة تدريبي ضموني مع احد الفرق لتغطية WiFi و الشبكات في اكثر من events ماسكينها

وطلبت من مديري اذا فيه تدريب للموظفين يضيفوني معهم وفعلاً دخلوني ورشة عمل عليها certificate مرتين في مدة التدريب 

المشكلة الي واجهتها ان ما عندي اساس بالشبكات وحاولت فترة التريب الحق الوقت بحيث اني اخلص المفاهيم الاساسية للشبكات عشان يسهل علي فهم شغلهم بالشبكات",لايوجد,من سيتدرب بعد مستوى ثامن,طريقة التقديم كان عن طريق معرفة وبيئة العمل مختلطة لكن من ناحية العمل في بعض الاقسام غير مختلط كلهم رجال والله يوفقكم يارب ,نعم,,
17/11/2024 21:07:29,PwC,اكثر,نعم,"Technology Consulting, Digital Services > GenAI CoE",3000-4000,كلاهما,,نعم,Maha Alassaf 0558198444 ,
20/11/2024 08:47:40,STC,اكثر,لا,"System operations - digital applications
المسمى الوظيفي يختلف بحسب المهام لكل شخص بالقسم لكن الكل مسماه مندرج تحت الoperations ،
التيم جدًا متساعد ويعطيك وقته وجهده عشان تتعلم ابدًا مايبخلون عليك لكن يبغى لك تسعين وراهم يعني ماراح ينادونك هم، انتي تروحين لهم وبيعطونك اللي تبين، برضو الآكسس على الأنظمة مايجي بالساهل يبغى لك تزنّين عليهم ،
الخبرة جدًا قوية هنا لو طلعتي وانتي عارفة كل شيء بتكون خبرتك وااااو لأن هالمجال فهالشركة مرررره deep مو زي بقية الشركات ،
على العموم اشوفه مكان مثالي للتدرّب فيه",3000,كلاهما,البيئة مختلطة ولكن يوجد ladies section,نعم,,
24/11/2024 22:00:20,EY,اكثر,نعم,Technology consultant intern -  التيم و المشاريع تختلف على حسب الجهة لان بتشتغلون في مكان العميل بالنسبة للشغل يختلف من مشروع لمشروع بس ترا الكونسولتنق يدخل فية بزنس مرره كثير يعني بتستفيدون بس مو مرة من ناحية الحاسب و البيئة مرره تساعد انكم تتعلمون الكل يبي يساعدك و يعلمك عشان تستفيدين و عندهم شهادات و دورات تتوفر لكم مجاناً من منصة udemy ,4000,من سيتدرب بعد مستوى ثامن,بتكتسبين خبرة كبيرة لان بتشتغلون في اكثر من مشروع على حسب مدة تدريبكم و بتتعلمون أشياء بتفيدكم في مسيرتكم الوظيفية و عندهم برنامج تدريبي للخرجين احتمال كبير تدخلون فية إذا كنتو ممتازين في التدريب ,نعم,LinkedIn - Wateen Alzamel ,
03/12/2024 16:29:24,.,شهرين,لا,.,.,لا أحد,ما عندي تجربة لحد الآن بس ودي ودي نغير محاذاة النص والديزاين يصير شوي أريح للعين لأن الجهد جبار ورهيب، مرة مرة شكرًا حقيقي ساعدتونا وهوّنتوا علينا.,لا,,
14/12/2024 15:10:59,Accenture ,اكثر,نعم,"اشتغلت في القسم الاستشاري وبالتحديد في قسم Technology Strategy & Advisory، العميل كان احدى شركات PIF والبروجكت كان Operating model سوينا اعادة تصميم وتشغيل قسم الIT كامل عند الكلاينت بمعنى اني اشتغلت على تصميم وتشغيل 20+ Processes, Policies, IT Governance Boards 

(ذكرت ايجابيات وسلبيات اكسنتشر في خانة الملاحظات)",6000 بالشهر ,من سيتدرب بعد مستوى ثامن,"الايجابيات:
- الفرص في الشركات الانترناشنل وفي اقسام الاستشارات مالها مثيل، تتنقل بين شركات كثير وبروجكتس متنوعة (وفي حالات ممكن تتنقل بين الدول لو عندك رغبة) وتتعلم كثير لان المجال فيه ضغط وعمل متواصل فيحتاجونك كمتدرب وتسند لك مهام جدية وفرص حلوة مره واللي معاك بالتيم يعتبرون ""مستشارين"" فما توظفوا الا بسبب خبرتهم الطويلة، فكمتدرب جالس تتعلم من ناس فاهمين ومهاراتهم عالية ومن مختلف الدول
- الexposure عالي جدا لان الشركة الاستشارية تتعامل مباشرةً مع اصحاب المناصب العالية بالشركة فاغلب تعاملاتك بتكون مع C level أو أقل بشوي وبتكوّن علاقات تفيدك بالمستقبل لان الصدق المجال مره ضغط ما تجلس فيه اكثر من ٣-٥ سنوات فتنقلك بين عدة عملاء يعني إنك تجرب تشتغل باكثر من شركة وتكوّن علاقات تفيدك مستقبلًا وتأمن لك exit opportunities حلوة، ابسط مثال اني وانا متدربة ومن أول بروجكت لي العميل عرض علي اتوظف عندهم 
-  ميزة في اكسنتشر هي انه إذا اديت كويس وعطوك عرض وظيفي ما يدخلونك بروقرام زي gdp لا على طول تكون موظف 
- رواتبهم حلوة اعلى من البق فور بس أقل من الmbb 

السلبيات:
-انت وحظك بنوع البروجكت والكلاينت اللي يحطونك فيه وما عندك خيار تقول لا لو ما عجبك البروجكت أو الكلاينت 
-ضغط عالي واللي معاك بيكون اغلبهم اجانب جايين من دولهم للرياض فما عندهم حياة اجتماعية غير الدوام فيعششون بالمكتب ويتوقعون منك نفس الشي
-مافيه استقرار، كل ٤-٧ شهور تروح بروجكت جديد مع تيم جديد وكلاينت جديد يعني كانك تغير وظيفتك ٣ مرات بالسنة",نعم,,
28/12/2024 21:07:31,سدايا,٣ اشهر,نعم,"المسمى كان مهندس بيانات في بنك البيانات الوطني
التيم كان ممتاز والأغلب كانت خبرتهم ٣-٥ سنوات
بالبداية المشرف شرحوا لي وش البروجكتس اللي عندهم والمشرف اعطاني بعض الكونسبتس اللي مفروض افهمها عشان اعرف مهندس البيانات وش يسوي وبعدها كانت تاسكات مثل الاسايمنتس زي building ETL pipelines وأشياء أخرى
وبعدها خلوني أمسك ركوستس حقيقية مع الموظفين إلى نهاية تدريبي
البيئة مختلطة والتواصل عندهم يعتمد على الاتصالات والواتس الايميل والتيمز مهمش 
الدوام كان مرن اهم شيء تكمل ٨ ساعات",لا يوجد,من سيتدرب بعد مستوى ثامن,,نعم,Telegram: @reem032,
28/01/2025 08:09:00,عمادة التعاملات الألكترونية والاتصالات,اكثر,لا,متدربة بادارة  المشاريع,لا يوجد,لا أحد,تدربت على ادارة المشاريع والبنية المؤوسسية - البيئة مره متعاونين وجاهزين يعلمونك اي حاجة تبين تعرفينها بالجامعة ببيئة العمل ...الخ - مافيه شغل تقني جامد زي ماتوقعت لكن اذا حابين اقسام ثانية تقولون لوحدة التدريب تنقلكم اذا فيه احتياج.,لا,,
01/02/2025 22:11:31,تحكم للتحكم التقني والأمني الشامل TAHAKOM,شهرين,نعم,تدربت في قسم تطوير البرمجيات وتحديدًا التطبيقات ، التدريب مفييد جدًا وكانوا منظمين ، الكل متعاون ولطيييف جدًا يدخلونكم الاجتماعات ويعطونكم شغل حقيقي ,2000 لكل شهر ,من سيتدرب بعد مستوى ثامن,البيئة جميييلة جدًا من مبنى وموظفات وطبيعة عمل … المبنى 7 أدوار دورين منها للنساء ومنفصله تمامًا يعني عادي تفصخين العباية,لا,,
15/03/2025 03:03:20,KACST,شهرين,لا,على حسب مشرفك تتحدد مهامك، ولا تتوقع عمل واو لأن الجهة بحثية فعلى حسب مشروع مشرفك بيكون حجم عملك. ,لا يوجد,لا أحد,,لا,,
25/03/2025 11:25:27,شركة علم,اكثر,نعم,"تدربت ك مهندس اختبار جودة البرمجيات تحت قطاع الحلول الرقمية وقعت عقدي بالبدايه على تدريب 4 اشهر وهي اقل مده تسمح فيها علم بعدها مددت التدريب ل 6 اشهر
التيم معي مره بطل كان الكل يحاول يساعدني عشان اتعلم 
المشاريع اللي مسكتها كبيره منها الضمان الاجتماعي المطور ورابطه العالم الاسلامي وعاملوني معامله موظف وبعض الحاجات مسكتها وكنت مسؤله عنها لوحدي 
اقدر اقول اني لميت كل شغل QA خلال مده التدريب 
الحدم لله بعد التدريب جاني عرض وظيفي منهم 
الاغلب اذا كان شاطر تجيه عروض وظيفيه ",3000,من سيتدرب بعد مستوى ثامن,"البيئه مختلطه لكن المكتب منفصله 
فيه اقسام نسائيه متكامله ما تحتاج تلبس العبايه ",نعم,,
08/04/2025 02:19:23,البنك الاول SAB,اكثر,لا,كنت اول شهر مع IT و طلبت اروح مع الشبكات و الامن السيبراني ,1500,من سيتدرب بعد مستوى ثامن,مافيه خطه واضحه ل التدريب ,نعم,,
19/04/2025 09:48:21,Sdaia,٣ اشهر,لا,تدربت في إدارة الحوسبة السحابية تحديدًا تحت قسم تطوير البرمجيات واعطتني مشرفتي خطة مدة التدريب أمشي عليها وكانت تراقب شغلي كل فترة وتسألني عنه بس ماكنت اشتغل على مشاريع خاصة بسدايا كان مشروع افتراضي خاص فيني وماكنت أدخل معهم ك موظفين ابدًا شغلي كله لوحدي ويمكن تكون هذي سلبية أنهم ماخلوني اشتغل معهم ك موظفة بس خلوني أسوي مشروع لي، والسلبية الثانية أن مافيه مكاتب للمتدربين بالقسم الي كنت فيه ,لا يوجد,من سيتدرب بعد مستوى ثامن,الجهة مو أسوء شي بالتدريب بس مو أحسن شي,نعم,,
26/04/2025 21:00:50,شركة المياه الوطنية | NWC,شهرين,لا,"IT, تدربت في كل الاقسام الموجودة مع العلم اني اتدربت في فرع العوالي مكه فالاقسام جدا قليله 
الموظفين جدا محترمين و يعطوا تاسكات و يعلموك عدل ",لا يوجد,كلاهما,,نعم,,
28/04/2025 22:29:00,مجمع ارادة للصحة النفسية,شهرين,نعم,"رحت لقسم التدريب في مستشفى الملك خالد، حيث تم توجيهي إلى ""مجمع إرادة للصحة النفسية""، الذي يركز على تأهيل المتعافين من الإدمان (المخدرات) تحديدا ،وأطفال ذوي التوحد والسلوك. 

معي ثلاثة طلاب من كليتي، واستقبلنا مشرف قسم الحاسبات في المجمع الذي عرفنا على المكان وشرح لنا النظام كيف بيكون. 

الدوام كان نظامه ان المشرف يعطينا مهام تشمل فحص اجهزة الحاسب وتحديدا اللي سويناه اننا نشيك على دوماين كل الاجهزه بالمجمع ونعدلها اذا تحتاج تعديل ،ومهام اخرى مثل استقبال مشكلات الموظفين، وتثبيت وتحديث البرامج، وتعديل أنظمة الحماية. 

الدوام الرسمي من 8 إلى 2، لكن كان المشرف يتساهل معنا ويخلينا نجي حوالي 9 ونطلع 11-12ماقد طلعنا بعد 1، يعني الدوام لمدة ساعتين إلى ثلاث ساعات يوميًا. ومن ناحية الدوام كنا مرات مانجي عادي واذا عندك ظرف او مواد يخليك تروح ومرات كنا نستاذن منه بدري ويطلعنا.

الدوام متعب شوي بعض الايام لكن كانت تجربه حلوه وشغله جديده ومكان ماتوقعت يوم من الايام اتعمق فيه ،كنا ندخل على حقين التعافي من الادمان ونعدل الاجهزه بينهم الخ ما اتشمت بس تحس نفسك بسايلنت هيل نفس الفايب باختصار تجربه جديده.",لا يوجد,كلاهما,"اغلب جهات التدريب اللي تدربوا فيها زملائي ماكانوا يخلونهم يداومون او دوامهم قليل مررره ،يعني دوامنا مقارنه فيهم تعب شوي

هذا غير انك راح تحتك مع الموظفين كثير مثل الدكاتره والادارة الخ وتدخل على مكاتبهم واجهزتهم وتعدل عليها ،واحيانا على اجهزة المراقبين بمجمعات التعافي وتحتك بالناس هناك لكن فيه مراقبين ودكاتره معك وماقد صارت اي مشكله من هالناحيه

انصح فيها؟ اذا تبي تستفيد من اللي درسته بتخصصك مو ذيك الاستفاده ،اما من ناحية التجربه كانت ممتعه وكان جانب من المجتمع ماقد شفته او تعمقت فيه واشتقت ارجع اتدرب فيه الصدق بعد اللي كتبته ذا كله",نعم,واتساب: 0562157532 تيليقرام: @botlye,
09/05/2025 17:00:24,شركة أتمال,٣ اشهر,لا,.,لا,لا أحد,,نعم,ما انصكم في التدريب في ذي الشركة ما عندهم خطة تدريب وماعندهم جدية في التدريب,
17/05/2025 00:14:47,شركة قبس التقنية - Qabas tech,شهرين,نعم,الصراحه الشركه كانت اخر حل لي قبل يقفل قبول فرص التدريب وهي شركه صغيره تقنية يشتغلون على مواقع ومعسكرات تقنية - انا قالت لي المشرفه اني سايبر سيكيورتي سبيشلت بس الصراحه الشغل كان كله دوكيومنت يعني مااشتغلت على تولز او شي فعليا سايبر ، الحضور والانصراف مايدققون فيه ، عرضوا علي فرصه تمهير بس رفضتها لان ماعندهم شغل سايبر وبشكل عام حسيت اني ماتعلمت او استفدت شي عندهم بالشغل بس اسم اني اخلص متطلب التدريب,لايوجد,لا أحد,كنا المتدربات البنات مع بعض بغرفه فيها مكاتب بس الغرف الثانيه فيها رجال والمكتب حقنا قزاز ومافيه غرفه صلاة او غرفه راحه للبنات فاللي منقبه مثلي ممكن يطفشها هالشيء + مافيه كافيتيريا او مكان اكل بالبرج اللي فيه الشركه,نعم,تواصل واتساب :0502028180,
17/05/2025 22:27:01,سدايا,اكثر,لا,تدربت في مكتب ادارة البيانات الوطنية تحديدًا ادارة البحوث و الدراسات ، التيم اللي كانوا معاي كلهم كويسين وحريصين جدًا اني اتعلم واستفيد قدر الامكان و كانوا يعطوني مهام كثير الصدق و يتابعون معي اول بأول ، ويتناقشون وياخذون ويعطون سلسين جدًا ,لا يوجد,من سيتدرب بعد مستوى ثامن,,نعم,536933602,
29/05/2025 18:12:27,نوبكو ,شهرين,لا,Data Operations ,3000,كلاهما,قد يكون هناك فرص وظيفية عن طريق بوابة مسك ( التدريب على رأس عمل) او عن طريق شركات مشغلة داخل الشركة.,نعم,,
04/06/2025 00:10:21,وزارة التعليم-إدارة التحول الرقمي,شهرين,لا,"بالبداية تجربة كل شخص مختلفه اكيد وكل قسم مختلف عن القسم الثاني وكل موظف او مشرف غير عن الثاني برضو لكن بناء على تجربتي بالقسم اللي تدربت فيه البيئة توكسيك مره ماانصح وافضّل انهم يكونون اخر خيار 
+ مافيه وضوح لسياسات التدريب من البدايه 
فجأه صدموني اني لازم اتدرب عندهم ٦ شهور
وفجأه قالوا لازم تسوي مشروع عشان ينتهي تدريبك زي ""مشروع التخرج""🤓
",لايوجد,من سيتدرب بعد مستوى ثامن,,نعم,,
04/06/2025 01:03:33,البنك السعودي للاستثمار,اكثر,نعم,"تدريبي كان بقسم السايبر سيكوريتي روتيشن بين (GRC- Architecture- Defense - Assurance ) بالبدايه سوو لي خطة التدريب واسندوا لي داخل كل قسم بالسايبر وتحديدا كل موضوع مين الموظف المسؤول اللي بيعطيني شرح عن المجال.
نظامهم بالبنك يعطون sessions بس، مو انه كل قسم يعطوني مهام واني وامسك معهم الشغل. طبعا هذا بسبب طبيعة شغل البنك انه حساس وغير كذا تصدف فترات يكون ضغط الشغل عالي فما عندهم الوقت انهم يسندون مهام لك وانتي توك جديدة
ف تقريبا اول شهر كان اوفر فيو عن السايبر كامل بعدها يعتمد على حسب احتياج اقسام السايبر للمساعدة ومدى التزامك وجديتك معهم ونشبتك لهم بمعنى اصح. وقتها كان فيه احتياج بالGRC ف طلب مديري اني ادخل معهم بالشغل عشان اساعد وفعلا دربتني الموظفه اللي ماسكه الشغله وبديت شغل معها. الهدف من تجربتي هذي انه ممكن تمسكون شغل فعلي وتشتغلون على مهام.
ووحده من الايجابيات اللي فعلا تفيد كل شخص بيتدرب عندهم ان فيه موقع خاص لموظفين البنك فيه دورات ولابات بالسايبر تفيد مره ولها بادج اذا خلصتي اللاب كامل فكنت بوقت فراغي اشوف اللابات اللي فيه وفعلا فادتني كثير.
واخيرا هل انصح بالتدريب في البنك؟ ايه جدا لان البيئة جدا ممتازة وفعلا بيئة شغل صدقي مو البيئه اللي تكونين متوقعه انها كرف وشغل وتنصدمين بالواقع انها حياه سايبه ولا فيه احد يشتغل بشكل مستمر، لا هنا كبنك تشوفين الكل يشتغل ويكرف تتحمسين معهم.
ونصيحة فترة التدريب جدا مهمه انكم تتركون انطباع كويس مهما كانت البيئه اللي انتم فيها بينوا انكم حريصين ومجتهدين والتزموا وبوقت الدوام وبالمهام اللي يعطونكم اياها لان ما فيه شي بعيد عن ربي انهم يعرضون عليكم عرض وظيفي لان صدق ترا يفضلون اللي توهم متخرجين عشان عندهم قابليه للتعلم ونشيطين ف شدوا حيلكم والله يوفقكم يارب.",لا يوجد,من سيتدرب بعد مستوى ثامن,,نعم,دانه الحمادي 0555707433,
09/07/2025 13:55:53,شركة حياك للسفر والسياحة,٣ اشهر,لا,كلمتهم يعطوني مسمى وظيفي وصرفوني . سيئة جدا اعطوني مهمة وحدة على الاكسل ما انصح فيها ابدا للتخصصات التقنية,لايوجد,لا أحد,لا انصح بالتدرب لديهم ضياع للوقت اهربوووا .اضطريت اتدرب عندهم عشان ما لقيت جهة تقبلني لاننا 3 اترام ,نعم,,
05/08/2025 03:01:47,.,شهرين,لا,.,.,من سيتدرب بعد مستوى ثامن,,لا,,
07/08/2025 21:42:41,KPMG Professional Services,اكثر,لا,تدربت تحت قسم IT Innovation and Solutions في قسم تقنية المعلومات الداخلية Central Service مع فريق تحليل البيانات على Power BI، اشتغلت على مشاريع على Power BI وتعلمت عليه وساعدوني اخذ شهادة مايكروسوفت له,1500,من سيتدرب بعد مستوى ثامن,لو تصدق اذا قالوا لك بتشتغل كثير ونعتبرك موظف لأني بالحسرة قدرت آخذ منهم شغل حقيقي على مشاريع صدقية,نعم,,
14/08/2025 16:05:40,جامعة الإمام محمد بن سعود الإسلامية,شهرين,لا,System analysis ,لا يوجد,من سيتدرب بعد مستوى ثامن,التدريب مشروع فاشل بس يعطل الطلاب عن التخرج … لا تضيع وقتك تدور جهة تدربك حاول تخلصه بأسرع وقت عشان تاخذ الوثيقة وتتوظف ❤️,لا,,
15/08/2025 15:02:08,شركة السلطان القابضة بالقنفذة,اكثر,لا,كنت في فريق التسويق.. اشتغلنا معهم طول الفترة في اغلب أعمالهم وقمنا بشكل خاص بإنشاء موقع للشركة وتحديثه بما يناسب من متطلبات.. التيم كان متعاون جدا والمشرفة كانت مهتمة بتعليمنا اللي هم يسوونه.. هم مقسمين أنفسهم هناك على المهام وعندهم خبرة كبيرة في التسويق وجذب العملاء,لا يوجد,كلاهما,"البيئة مختلطة في العمل عندهم ولكن كنا بس بنات اللي نتدرب ففصلونا عن الرجال....  التدريب كان فوق الممتاز وكانوا موفرين سبل الراحة ومهتمين جدا بنا بس ما ناسب تخصصي لأني كمبيوتر ساينس فالمفروض يكون تدريبي تقني أكثر وفيه استخدام للبرمجة وبرامج الحاسب ولكن ذا كان تسويقي مرتبط بسوق العمل 
ولكن كخبرة فاكتسبنا خبرة كبيرة صراحة بالعمل معهم",نعم,,
15/08/2025 15:32:54,جمعية ام القرى الخيرية النسائية ,اكثر,لا,مسماي الوظيفي : اخصائية تقنية.. وتم تدريبي في قسم تقنية المعلومات ، التيم اللي معي كان جدا جدا متعاون كنا كلنا يد وحده تقريباً الشغل كله دعم فني وصيانه وشوي اشتغلنا على تطوير الموقع الالكتروني الخاص بهم و ماكان فيه مشاريع نشتغل عليه ,"مافيه لا مكافئة ولا راتب 
بس تدفع مبلغ للتدريب ",كلاهما,بصراحة اذا كان تخصصك حاسب مابيفيدك التدريب بشكل كبير مجرد يعني تاخذ خبره و تنغرس في وسط بيئي عملي وتتعلم كيف تتواصل مع الموظفين,لا,,
15/08/2025 15:43:38,وزارة الحج والعمرة ,اكثر,لا,تم تدريبنا في اغلب الأقسام تقريبا ، ولكن بشكل بسيط جدا بسبب ضيق الوقت ، ما انصح احد يسجل عندهم فترة الحج لانهم مضغوطين فيها ,لا يوجد ,لا أحد,البيئة مختلطة إلى حد ما ، في البداية لا ، ولكن بعد فترة حطونا مع بعض ,نعم,,
15/08/2025 20:04:46,جج,٣ اشهر,لا,جج,جج,لا أحد,,نعم,,
15/08/2025 20:24:50,DSShield,اكثر,لا,المسمى الوظيفي project coordinator  اتدربت في قسم PMO التيم كان متعاون جدا وخبراتهم ممتازة اشتغلت على مشاريع كثيرة ومريت على جميع مراحل المشاريع بدايته نهايته في النص تعرفت على المشاكل الي ممكن تحصل وكيف ممكن تنحل,لايوجد ,كلاهما,مقر الشركة في الرياض ,نعم,تيليجرام: Jojo_986,
15/08/2025 20:33:58,شركة الكهرباء,٣ اشهر,لا,"ux/ui قسم تجربة المستخدم 
التيم جدا ممتاز ومتعاون واشتغلت على مشروع تصميم واجهات في تجربه المستخدم في فيقما ",لايوجد,من سيتدرب بعد مستوى ثامن,,نعم,,
15/08/2025 20:57:06,كدانة,اكثر,لا,قسم الأمن السيبراني تحديدا GRC مديري كان محمد هوساوي والصراحة كل التيم خبرتهم من ذهب ما شاء الله تبارك الله افيدوني جدا جدا ,لا يوجد,كلاهما,,نعم,0567065965 واتس فقط,
15/08/2025 21:39:31,مستشفى حراء العام,اكثر,لا,IT,لايوجد,كلاهما,,نعم,,
15/08/2025 21:46:33,وزارة الحج والعمرة ,اكثر,لا,قسم أمن المعلومات توجد كوادر رائعة و بيئة ممتازة  لكن لابد ان يكون وقت التدريب مناسب للجهه لا يتزامن مع فترة الحج و رمضان و ان تتأكد من وجود خطة واضحة مع المسؤولين، تزامن وقت تدريبنا مع فترة الحج و العمرة و امور اخرى لذلك كانت المهام بسيطه على قدر استطاعة و توفر الوقت لدى المسؤول، اذا لم تكن توجد خطة انصح بالبحث عن مكان جاهز لتدريب المتدربين ,لا يوجد,لا أحد,,نعم,,
15/08/2025 23:02:46,إمارة منطقة مكة إدارة تقنية المعلومات,اكثر,لا,أشتغلت على ثلاث مشاريع الاولى بناء نظام الثنتين الباقية مشابهه لها في الاهمية,لايوجد,كلاهما,أستفدت من التدريب الحمد لله لدى الجهة,لا,,
16/08/2025 01:18:35,شركة مؤشرات لخدمات الأعمال,اكثر,لا,"محلل بيانات في قسم العمليات , اصدار تقارير باور بي اي و ميتابيز , المتابعة الميدانية والتاكد من جودة البيانات واصدار الخطة اليومية",1000,كلاهما,,لا,,
16/08/2025 06:02:34,امانه العاصمة المقدسة,اكثر,لا,كانت تجربة ثريه استفدت الكثير وقابلت ناس كثير من تخصصات تقنية وخبرات عالية ,لايوجد,من سيتدرب بعد مستوى ثامن,,نعم,,
16/08/2025 08:58:54,قسم الامن السيبراني في جامعة ام القرى ,اكثر,لا,خلونا نتدرب على اشياء الجامعة الفعليه والدومينات والاشياء ذي وكانو متعاونين معانا مره وصراحة كويسيين ع انو ما كانو مجهزين لنا خطة قوية وكويسة واتوقع السنين الجية حتكون احسن وافضل ,لا ,من سيتدرب بعد مستوى ثامن,,نعم,,
19/08/2025 06:08:01,شركة الحافلات الحديثة المحدودة ,اكثر,لا,قسم ITS، كان troubleshooting للباصات ,لا يوجد,من سيتدرب بعد مستوى ثامن,شركة جيدة جداً لإكتساب خبره ,نعم,,
19/08/2025 10:01:41,النقابة العامة للسيارات,اكثر,لا,"Front end and back end
Angular
C#
موقع النقابة
",لا يوجد,كلاهما,,نعم,Official.eyad.alsulami@gmail.com,
08/09/2025 13:34:19,King Abdulaziz city for science and technology ,اكثر,لا,اخصائي تفاعل الإنسان مع الحاسب - تدربت في معهد أبحاث الأمن السبراني - تدربت مع تيم دكتورة اثير - اشتغلت على مشروعين ومسكت الواجهات فيهم وتجربة المستخدم ,لا يوجد,من سيتدرب بعد مستوى ثامن,جهة التدريب رهيبة جدًا انصح بها الكل، لكنها فالرياض وتتطلب سكن ومواصلات ولا يوجد أي تعاون من المدينة من هذي الناحية ,نعم,0594400219,
16/09/2025 12:10:05,شركة وادي مكة,شهرين,لا,"مبرمجة full stack, قسم الاستثمار, كنا تيم بنات وعيال, الخبرات كلها كانت في الفرونت اند ماعدا واحد كان داتا بيس, تطوير موقع من الصفر حتى تم استخدامه لنظام الشركة ",لا يوجد,من سيتدرب بعد مستوى ثامن,,نعم,,
01/10/2025 18:45:29,لين لخدمات الاعمال,اكثر,نعم,"كنت في قسم البيانات، advanced analytics
الشغل عبارة عن sql اما تحليل بيانات ولا الأقسام الداخلية ولا جهات خارجية طالبين بيانات. تعديلات على داشبورد ولا تسوي واحد من الصفر. بعد التدريب التعاوني مافي توظيف ولكن يعرضون GDP (المكافاة اكثر ولكن مو راتب ولا منتهي بتوظيف ولكن ممكن تتوظف)",3000,من سيتدرب بعد مستوى ثامن,بالنسبة لقسم البيانات البيئة جدا مريحة والكل متعاون مع المتدربين لان أصلا اغلب المتوظفين كانوا coop او gdp. ويعطون المتدرب شغل يعني حتى لو ما تتوظف عندهم رح تطلع بخبرة ما تروح عليك ٦ شهور (coop) او سنة (gdp) وانت جالس كذا,نعم,,
03/10/2025 11:11:13,تحكم,٣ اشهر,لا,محلل اعمال، القسم ممتاز وفيه شغل، بس لازم تلاحق ورا الشغل او يخلونك تتدرب على مستندات تدريبية، فيه كم مشروع وبعضهم الحركة فيه قليلة وبعضهم حار وكثير الشغل فيه، التيم متعاون ولكن ضرووري تلحق ورا الشغل وتقول انك تبي شغل والخ,2000,من سيتدرب بعد مستوى ثامن,بشكل عام تحكم التوظيف الان شبه موقف، ولكن بعد ماشفت كثير، غالباً في حال احتاجوا يكلمونك حتى لو بعد ماطلعت بفترة، (اتكلم عن قسمي الي هو ادارة الحلول - تحليل الاعمال),لا,,
21/10/2025 22:52:08,شركة الورق العربية ( ورق - Waraq ),اكثر,لا,"بالنسبة للشركة فيها فريقين , فريق Infrastructure و فريق Application , 
غالبا بيحطونك Help Desk تشوف مشاكل المستخدمين وتحلها لا انصح فيها نهائيا, بالنسبة لي نشبت نفسي مع تيم الApplication وللامانه ما استفدت كثيرا , لا انصح فيها نهائياا ",1500,لا أحد,"جهة سيئة جدا , يروحها المضطر فقط لانها فرصة جتني من الكلية وكانت فترة صيف ومافيه فرص",لا,salemalsairi@gmail.com,
10/11/2025 06:44:18,BSF,شهرين,لا,.,2000,كلاهما,,نعم,,
01/12/2025 14:28:54,سايت site,اكثر,لا,"المسمى: coop
القسم اداري 
التجربة عموما رائعة ويعاملونك كموظف الا شويتين

وللاخوات اللي ما تبي اختلاط فيه مكاتب نسائية فقط للي ماتبي اختلاط

والله يوفقنا واياكم.",3000,من سيتدرب بعد مستوى ثامن,,لا,,
01/12/2025 14:51:46,شركة امكان للتمويل | Emkan Finance Company,اكثر,لا,اشتغلت كبروجكت مانجر بالديجتال ديبارتمنت، كانت تجربة رهيبة والتيم والبيئة كويسه مره وتتعلم وتستفيد منهم ومن خبرتهم ويعاملونك معاملة شخص من التيم مو متدرب بالمسؤوليات ف مره انصقلت منهم وجتني اوفرز من برا بعد الله والاكسبرينس الي اخذتها منهم ,لا يوجد,كلاهما,,نعم,,
02/12/2025 00:51:09,CAMCO - شركة مترو العاصمة,اكثر,لا,المسمى الوظيفي :IT Trainee | القسم:IT | التيم اللي معي: 11 موضف في قسم IT المدير و Seniors كلهم اجانب الباقين سعوديين اغلب التيم خصوصا السعوجيين جديدين فالشركة | مشاريع اشتغلت عليها: صفر,لا يوجد,لا أحد,"ماراح تستفيد شي عندهم اذا بغيت شي من Senior كل واحد يرميك على الثاني , المكان اللي يداومون فيه IT كئيب جدا , اذا بس تبي تخلص التدريب التعاوني قدم عليهم لكن اذا تبي فايدة دور جهة ثانيه ",نعم,,
02/12/2025 14:01:36,kpmg,اكثر,لا,"department solution development and innovation under the IT department ( central), 
but i was basically doing advisory work internally... developing solutions for internal departments such as tax, audit, people, and help out in external projects. 

i was mainly working on the power platform, sometimes azure  too. 

i would say that skills like sql, ( knowing your way around low code tools such as power apps is good but you have to know the basics of development and software engineering, none technical skills are important also) 

if anyone wants to get into consulting i would say kpmg, accenture, and bcg are the best in the market for it consulting ( technology and such) 

my contract was in it but i did rotate to advisory - quality control ( i mainly now specialize in data and ai + emerging technologies)

oh and for interviewing you should know KPMGS pillars vision  and mission . position yourself as someone who would further  benefit the company and support its mission

also you are gonna be asked about frameworks during the interview, never say idk. yu could say for all i know it's this and that. but if it's a complex concept that you have no idea of you  could merely say idk but i think it's this and that. 

they offer working remotely  for two days a month, some department offer more and some don't
working hours are flexible but you got to do your tasks on time and update your direct supervisor about it. 

i think kpmg is not that challenging to work at, they follow best practices and don't follow random frameworks you would fine everything online ( tutorials and such)

one more thing, they offer linkedin learning and pluralsight subscriptions for continuous learning and development. 

I say if you are gonna accept an offer at kpmg that isn't client facing then you can manage your working hours and everything, but if it's client facing you would still be working at home at 9 pm. 
but if it's not you would be mostly working within the working hours unless something happens (system shutdown, sudden deadline changes)
",1500,من سيتدرب بعد مستوى ثامن,if I were to go back in time i wouldn't do over-time since i was only an intern.,نعم,linkedin -> filter: worked at kpmg,
11/12/2025 17:03:44,تمارا,اكثر,نعم,مهندس برمجيات backend. البيئة جيدة وتعلمت كثير. التدريب كان ٦ شهور. ,4000,كلاهما,,نعم,,
29/12/2025 14:08:03,إجادة للنظم - Ejada Systems,اكثر,نعم,"AI Trainee - AI Delivery Department
تجربة ممتازة الحمدلله من كل النواحي، قدرت أشتغل و أجرب على أكثر من شي وفي كم مجال، كنت المتدربة الوحيدة ولما عدوا أول يومين بدون شغل بس تاسك بسيييطة مره، رحت كلمت أحد الموظفين أنه يكون مينتور لي عشان أتعلم وكلم المانجرحقي ومن بعدها صار شغلي كله معه - الله يكتب أجره ساعدني هذا الشيء كثير وصنع أساس تجربتي في التدريب.
غالب مدة التدريب اشتغلت في product management في أحد المشاريع - استمتعت فيه جدًا عشان كذا قضيت أغلب مدة تدريبي فيه. قدرت أشتغل على أحد المشاريع اللي موجودة في القسم رغم أنه تبع IOT sector موب AI  بس الديبارتمنت كامل كان متعاون ولما طلبت أني أجرب أشتغل معهم مره كانو متعاونين وسعيدين أنهم يعلموني أشياء جديدة.
الدوام مره كان مرن جدًا لكن مهم أنك تكون متواجد لما يكون عندك شغل، وكان فيه اختيار أني أداوم ريموتلي بعد وهذا شي مره زين.
مشكلتي شوي الصراحة بالتأقلم مع موظفين القسم، كل الموظفين يداومون ويشتغلون عند الكلاينت فكنت أداوم مع المانجرز والإداريين، هذا الشي شوي كان صعب بالنسبة لي لأني كنت أفضل الاجتماعات الحضورية والشغل بالمقر لأن يساعدني أتكلم وأسأل وأقول لو مو فاهمة أو محتاجة شرح لنقطة ما أو أن فيه شي جديد علي وأحتاج أبحث عنه - يمكن لأن كان يبين ويوضح علي فيساعدوني.
بس ستل هذا شي ما يقلل من قيمة التجربة أبدًا، كانت ممتازة الحمدلله.",لا يوجد,كلاهما,"أغلب الموظفين صغار وجديدين ولسه خبراتهم بسيطة، الاجتماعات والتواصل يعتمد 90% على تيمز وايميل، الدوام مرن جدًا، تجربتي كانت في المبنى القديم في الملز (كان فيه قسم نسائي بالكامل والمكاتب مشتركة فيه بين كل الأقسام - لكن موظفات/متدربات الـIT كانت مكاتبهم في قسمهم مع الشباب)، بالغالب الوضع راح يتغيرفي المبنى الجديد.
",نعم,,
30/12/2025 20:42:46,T2,شهرين,لا,"
تدريبي كان في قسم الأمن السيبراني ، بدايه كان عباره عن GRC وبعدها دخلنا على Wazuh لين نهايه التدريب كان في خطه له ، التدريب كله كان اونلاين بس نداوم بالمقر هذا الشيء ماحبيته ، كان في دورات إضافيه عن قسم البيانات و GRC و SOC  ، كنا نشتغل على أشياء وهميه مو حقيقي وكل نهايه اسبوع نستعرض ايش سوينا مع المشرف",لايوجد,من سيتدرب بعد مستوى ثامن,,لا,,
01/03/2026 19:50:09,Accenture,اكثر,لا,تدربت والى الان اتدرب في قسم technology strategy and advisory بمسمى technology strategy new associate ولا انصح الصراحة بالتدريب ( يمكن اقول كذا لان المجال ما عجبني ( الكونسلتنق ) )  يطلبون منك اشياء جانبيه تخص اكسنتشر نفسهم اشياء كثير جدا متعبه غير الشغل اللي يخص الكلاينت والضغط اللي يخصه وتكون اشياء اجباريه بخصوص رواتبهم ممتازه الانالست ياخذ اول راتب ٢٠ الف ، الترقيات عندهم في اسوا حالة الترقيه من انالست الى كونسلتنت تكون خلال ٤ سنين وافضل حالة خلال سنتين ونص ( اذا جبت لهم كلاينت ) ,6000,من سيتدرب بعد مستوى ثامن,,نعم,,
30/03/2026 20:14:08,سامرف- SAMREF,٣ اشهر,لا,"Process Engineering Intern - Process Department. Overall, it was a valuable learning and working opportunity, tho the experience largely depends on the supervisor. Fortunately, my supervisor was excellent, which allowed me to make the most of the 3 months internship",3500,كلاهما,,نعم,,